Datum,Uhrzeit,Zeitzone,Beschreibung,Währung,Brutto,Gebühr,Netto,Guthaben,Transaktionscode,Absender E-Mail-Adresse,Name,Name der Bank,Bankkonto,Versand- und Bearbeitungsgebühr,Umsatzsteuer,Rechnungsnummer,Zugehöriger Transaktionscode
1/2/2016,12:06:38,Europe/Berlin,Website-Zahlung,EUR,248.6,-10.05,238.55,238.55,7AG961748G180080S,eijamb18@gmail.com,Eckhardf Heinrich,,,0,0,2012 - Eckhard Heinrich,
1/7/2016,10:22:55,Europe/Berlin,Allgemeine Währungsumrechnung,EUR,-40.27,0,-40.27,198.28,9KT05774RG4493312,,,,,0,0,16332,8A133371TW991761L
1/7/2016,16:11:14,Europe/Berlin,Allgemeine Währungsumrechnung,EUR,-99.24,0,-99.24,99.04,0RP48880KA939980C,,,,,0,0,,7B1007155B616540U
1/12/2016,10:06:38,Europe/Berlin,Allgemeine Währungsumrechnung,EUR,346.01,0,346.01,445.05,067420341E488805T,,,,,0,0,,11L15945E8314893B
1/12/2016,10:06:38,Europe/Berlin,Allgemeine Zahlung,EUR,-445.05,0,-445.05,0,11L15945E8314893B,paypal@vital-brunnen.de,Neues Wasser Group,,,0,0,,
1/25/2016,18:35:50,Europe/Berlin,Allgemeine Währungsumrechnung,EUR,997.71,0,997.71,997.71,1KE82377639796237,,,,,17.5,0,No10023248,87J13207JD054933Y
1/25/2016,18:35:50,Europe/Berlin,PayPal Express-Zahlung,EUR,-997.71,0,-997.71,0,87J13207JD054933Y,service@silberstab.de,Medionic GmbH & Co. KG,,,17.5,0,No10023248,
2/1/2016,10:11:33,Europe/Berlin,Allgemeine Währungsumrechnung,EUR,25,0,25,25,8LE84522MX078273W,,,,,0,0,,5RG06156PG640730J
2/1/2016,10:11:33,Europe/Berlin,Website-Zahlung,EUR,-25,0,-25,0,5RG06156PG640730J,info@tassos.gr,Anastasios Marinos,,,0,0,,
2/16/2016,11:48:58,Europe/Berlin,Allgemeine Währungsumrechnung,EUR,79,0,79,79,96D438707M7415439,,,,,0,0,,6X4463708V698533X
2/16/2016,11:48:58,Europe/Berlin,Website-Zahlung,EUR,-79,0,-79,0,6X4463708V698533X,paypal@yootheme.com,YOOtheme GmbH,,,0,0,,
3/2/2016,11:31:31,Europe/Berlin,Allgemeine Währungsumrechnung,EUR,998.05,0,998.05,998.05,68R17582M4354400F,,,,,17.5,0,MeinShop10024779,7DY7264276696902B
3/2/2016,11:31:31,Europe/Berlin,PayPal Express-Zahlung,EUR,-998.05,0,-998.05,0,7DY7264276696902B,service@silberstab.de,Medionic GmbH & Co. KG,,,17.5,0,MeinShop10024779,
3/5/2016,11:34:17,Europe/Berlin,Allgemeine Währungsumrechnung,EUR,96.12,0,96.12,96.12,2LR99254XX8920137,,,,,0,0,,4SK09449NL884693N
3/5/2016,11:34:17,Europe/Berlin,Zahlung per Händlerabbuchung mit Zahlungsrechnung,EUR,-96.12,0,-96.12,0,4SK09449NL884693N,orders@fastspring.com,FastSpring,,,0,0,,83F26240U7456384P
3/15/2016,16:11:14,Europe/Berlin,Allgemeine Währungsumrechnung,EUR,651.4,0,651.4,651.4,41G63822VF217914L,,,,,29.9,0,FZ21006906,2H712709JF4506418
3/15/2016,16:11:14,Europe/Berlin,PayPal Express-Zahlung,EUR,-651.4,0,-651.4,0,2H712709JF4506418,info@rdl-group.eu,RDL Group GmbH,,,29.9,0,FZ21006906,
3/17/2016,11:50:44,Europe/Berlin,Allgemeine Währungsumrechnung,EUR,40,0,40,40,6TK01735F5091620D,,,,,0,0,,3JT32722Y1690790V
3/17/2016,11:50:44,Europe/Berlin,Website-Zahlung,EUR,-40,0,-40,0,3JT32722Y1690790V,sales@akeebabackup.com,Akeeba Ltd.,,,0,0,,
3/22/2016,10:07:22,Europe/Berlin,Allgemeine Währungsumrechnung,EUR,74.84,0,74.84,74.84,4RN47924A52606319,,,,,0,0,47742353,0527605291193373X
3/22/2016,10:07:22,Europe/Berlin,PayPal Express-Zahlung,EUR,-74.84,0,-74.84,0,0527605291193373X,paypal@avangate.com,Avangate B.V.,,,0,0,47742353,77A6101991249714R
3/22/2016,18:45:58,Europe/Berlin,Allgemeine Währungsumrechnung,EUR,1200,0,1200,1200,9CV27034R8051292R,,,,,0,0,,7G274297C6849533C
3/22/2016,18:45:58,Europe/Berlin,Allgemeine Zahlung,EUR,-1200,0,-1200,0,7G274297C6849533C,info@rdl-group.eu,RDL Group GmbH,,,0,0,,
4/6/2016,14:16:10,Europe/Berlin,Allgemeine Währungsumrechnung,EUR,987.88,0,987.88,987.88,06X75066PE121683P,,,,,17.5,0,MeinShop10026160,8JU35704AG1534934
4/6/2016,14:16:10,Europe/Berlin,PayPal Express-Zahlung,EUR,-987.88,0,-987.88,0,8JU35704AG1534934,service@silberstab.de,Medionic GmbH & Co. KG,,,17.5,0,MeinShop10026160,
4/18/2016,10:58:12,Europe/Berlin,Allgemeine Währungsumrechnung,EUR,1129.9,0,1129.9,1129.9,81G19200DE466610E,,,,,0,0,,2LG85201FR264700U
4/18/2016,10:58:12,Europe/Berlin,Allgemeine Zahlung,EUR,-1129.9,0,-1129.9,0,2LG85201FR264700U,info@rdl-group.eu,RDL Group GmbH,,,0,0,,
5/18/2016,16:40:27,Europe/Berlin,Allgemeine Währungsumrechnung,EUR,495,0,495,495,9XN84547H3841210P,,,,,0,0,,0WJ03379W09214817
5/18/2016,16:40:27,Europe/Berlin,Allgemeine Zahlung,EUR,-495,0,-495,0,0WJ03379W09214817,info@rdl-group.eu,RDL Group GmbH,,,0,0,,
5/23/2016,21:25:50,Europe/Berlin,Allgemeine Währungsumrechnung,EUR,870.17,0,870.17,870.17,8FK09985HD239812W,,,,,0,0,,6DM99658CL392181L
5/23/2016,21:25:50,Europe/Berlin,Allgemeine Zahlung,EUR,-829.19,-40.98,-870.17,0,6DM99658CL392181L,vertrieb@lebensfeldstabilisator.de,Ortus Buch und Marketing Verlag,,,0,0,,
6/9/2016,11:49:57,Europe/Berlin,Allgemeine Währungsumrechnung,EUR,1156.85,0,1156.85,1156.85,6KF50902B5808794A,,,,,0,0,,35Y69452UC540674S
6/9/2016,11:49:57,Europe/Berlin,Allgemeine Zahlung,EUR,-1156.85,0,-1156.85,0,35Y69452UC540674S,paypal@vital-brunnen.de,Neues Wasser Group,,,0,0,,
6/27/2016,11:58:08,Europe/Berlin,Allgemeine Währungsumrechnung,EUR,983.19,0,983.19,983.19,4NP1866184041440X,,,,,17.5,0,MeinShop10028916,61112579CL828122L
6/27/2016,11:58:08,Europe/Berlin,PayPal Express-Zahlung,EUR,-983.19,0,-983.19,0,61112579CL828122L,service@silberstab.de,Medionic GmbH & Co. KG,,,17.5,0,MeinShop10028916,
6/29/2016,11:33:35,Europe/Berlin,Allgemeine Währungsumrechnung,EUR,40,0,40,40,3S1206753F707463Y,,,,,0,0,,3UK08858LC9317206
6/29/2016,11:33:35,Europe/Berlin,Website-Zahlung,EUR,-40,0,-40,0,3UK08858LC9317206,sales@akeebabackup.com,Akeeba Ltd.,,,0,0,,
6/29/2016,15:53:36,Europe/Berlin,Allgemeine Währungsumrechnung,EUR,49.99,0,49.99,49.99,0DT19644KJ4301149,,,,,0,0,CDE533396,7TT399911R1628100
6/29/2016,15:53:36,Europe/Berlin,Website-Zahlung,EUR,-49.99,0,-49.99,0,7TT399911R1628100,paypal-cde@equinux.com,equinux AG,,,0,0,CDE533396,
7/13/2016,09:57:22,Europe/Berlin,Allgemeine Währungsumrechnung,EUR,284.2,0,284.2,284.2,9EP68193T4404382H,,,,,0,0,,9A030034MX817694L
7/13/2016,09:57:22,Europe/Berlin,Allgemeine Zahlung,EUR,-284.2,0,-284.2,0,9A030034MX817694L,info@nulife.de,NU LIFE Enterprise Ltd. & Co. Vertriebs KG,,,0,0,,
7/16/2016,05:14:28,Europe/Berlin,Website-Zahlung,EUR,409.33,-16.31,393.02,393.02,6X6446750Y9658828,tgny@mac.com,Thomas Guss,,,0,0,2458 - Thomas Guss,
7/18/2016,13:45:55,Europe/Berlin,Allgemeine Währungsumrechnung,EUR,-24.28,0,-24.28,368.74,2NE538179E763434U,,,,,0,0,774446 - Urs Brülhart,6J90273698822422T
7/18/2016,21:23:59,Europe/Berlin,Allgemeine Währungsumrechnung,EUR,495.86,0,495.86,864.6,4GJ97715FM298312A,,,,,0,0,,7PS505818Y784184Y
7/18/2016,21:23:59,Europe/Berlin,Allgemeine Zahlung,EUR,-864.6,0,-864.6,0,7PS505818Y784184Y,service@silberstab.de,Medionic GmbH & Co. KG,,,0,0,,
7/19/2016,13:48:24,Europe/Berlin,Allgemeine Währungsumrechnung,EUR,29,0,29,29,0529890654955605B,,,,,0,0,,4XT026310C227362G
7/19/2016,13:48:24,Europe/Berlin,Website-Zahlung,EUR,-29,0,-29,0,4XT026310C227362G,paypal@widgetfactorylimited.co.uk,Widget Factory Limited,,,0,0,,
7/27/2016,13:40:21,Europe/Berlin,Allgemeine Währungsumrechnung,EUR,8.9,0,8.9,8.9,2AP02229VL6203040,,,,,0,0,516433133,74H80363P4309313F
7/27/2016,13:40:21,Europe/Berlin,PayPal Express-Zahlung,EUR,-8.9,0,-8.9,0,74H80363P4309313F,e5paypalEURGmbh@digitalriver.com,Digital River GmbH,,,0,0,516433133,
8/11/2016,19:11:41,Europe/Berlin,Allgemeine Währungsumrechnung,EUR,54,0,54,54,7BD27636GB5782003,,,,,9.9,0,,2U8361221E522144G
8/11/2016,19:11:41,Europe/Berlin,PayPal Express-Zahlung,EUR,-54,0,-54,0,2U8361221E522144G,bluedoor@gmx.at,Bluedoor Handels GmbH,,,9.9,0,,
8/15/2016,22:35:09,Europe/Berlin,Website-Zahlung,EUR,410,-16.34,393.66,393.66,28B76637HY225050L,sascha.debuan@web.de,Sascha Debuan,,,0,0,2538 - Sascha Debuan,
8/16/2016,11:42:00,Europe/Berlin,Allgemeine Währungsumrechnung,EUR,131.96,0,131.96,525.62,1D064101EU173834F,,,,,17.5,0,,82X93256YV075423H
8/16/2016,11:42:00,Europe/Berlin,PayPal Express-Zahlung,EUR,-525.62,0,-525.62,0,82X93256YV075423H,service@silberstab.de,Medionic GmbH & Co. KG,,,17.5,0,,
8/16/2016,12:19:58,Europe/Berlin,Allgemeine Währungsumrechnung,EUR,545.96,0,545.96,545.96,10F367692V178023R,,,,,0,0,WC-4919,5CS88649GH365332S
8/16/2016,12:19:58,Europe/Berlin,Website-Zahlung,EUR,-545.96,0,-545.96,0,5CS88649GH365332S,paypal@vital-brunnen.de,Neues Wasser Group,,,0,0,WC-4919,
8/16/2016,13:06:31,Europe/Berlin,Allgemeine Währungsumrechnung,EUR,1308,0,1308,1308,81Y27720B01170151,,,,,0,0,,43361610LY267244V
8/16/2016,13:06:31,Europe/Berlin,Allgemeine Zahlung,EUR,-1308,0,-1308,0,43361610LY267244V,info@rdl-group.eu,RDL Group GmbH,,,0,0,,
8/24/2016,10:27:54,Europe/Berlin,Allgemeine Währungsumrechnung,EUR,139,0,139,139,97D16563GP3003709,,,,,0,0,8O56WJCMLLVW,3P4621111E396435W
8/24/2016,10:27:54,Europe/Berlin,Website-Zahlung,EUR,-139,0,-139,0,3P4621111E396435W,gcampsbarjau@gmail.com,JoomlaThat!,,,0,0,8O56WJCMLLVW,
8/30/2016,14:23:26,Europe/Berlin,Allgemeine Währungsumrechnung,EUR,369.97,0,369.97,369.97,3CJ930049S889780H,,,,,0,0,WC-4949,2KS34957M7361645F
8/30/2016,14:23:26,Europe/Berlin,Website-Zahlung,EUR,-369.97,0,-369.97,0,2KS34957M7361645F,paypal@vital-brunnen.de,Neues Wasser Group,,,0,0,WC-4949,
8/31/2016,12:17:54,Europe/Berlin,Allgemeine Währungsumrechnung,EUR,197.04,0,197.04,197.04,7CX87080DE092653K,,,,,0,0,WC-4955,2GH26148P59141542
8/31/2016,12:17:54,Europe/Berlin,Website-Zahlung,EUR,-197.04,0,-197.04,0,2GH26148P59141542,paypal@vital-brunnen.de,Neues Wasser Group,,,0,0,WC-4955,
9/5/2016,09:13:56,Europe/Berlin,Allgemeine Währungsumrechnung,EUR,255,0,255,255,25C94861CS128104C,,,,,0,0,,55B29876K45044949
9/5/2016,09:13:56,Europe/Berlin,Allgemeine Zahlung,EUR,-255,0,-255,0,55B29876K45044949,paypal@vital-brunnen.de,Neues Wasser Group,,,0,0,,
9/17/2016,14:26:30,Europe/Berlin,PayPal Express-Zahlung,EUR,-21.06,0,-21.06,-21.06,1J307866370719800,orders@fastspring.com,FastSpring,,,0,0,,2U160183SB928732S
9/17/2016,14:26:30,Europe/Berlin,Allgemeine Währungsumrechnung,EUR,21.06,0,21.06,0,56D49848MM276674E,,,,,0,0,,1J307866370719800
9/19/2016,09:21:17,Europe/Berlin,Allgemeine Währungsumrechnung,EUR,979.06,0,979.06,979.06,84M79015WT526363E,,,,,32.08,0,,09X27786HE189872V
9/19/2016,09:21:17,Europe/Berlin,PayPal Express-Zahlung,EUR,-979.06,0,-979.06,0,09X27786HE189872V,service@silberstab.de,Medionic GmbH & Co. KG,,,32.08,0,,
9/21/2016,10:22:44,Europe/Berlin,Allgemeine Währungsumrechnung,EUR,9,0,9,9,3EE45558PK166812T,,,,,0,0,,6BN402956H3618015
9/21/2016,10:22:44,Europe/Berlin,Website-Zahlung,EUR,-9,0,-9,0,6BN402956H3618015,ced1870@hotmail.com,Cédric KEIFLIN,,,0,0,,
9/23/2016,09:13:47,Europe/Berlin,Allgemeine Währungsumrechnung,EUR,1700,0,1700,1700,0RW11703M4924882X,,,,,0,0,,5P997724A16474418
9/23/2016,09:13:47,Europe/Berlin,Allgemeine Zahlung,EUR,-1700,0,-1700,0,5P997724A16474418,info@rdl-group.eu,RDL Group GmbH,,,0,0,,
9/25/2016,18:21:32,Europe/Berlin,Website-Zahlung,EUR,330.4,-13.24,317.16,317.16,5AM47819LN900510Y,ann@bockslaff.net,Ann Bockslaff,,,0,0,2641 - Ann Bockslaff,
9/29/2016,11:45:46,Europe/Berlin,Allgemeine Währungsumrechnung,EUR,122.2,0,122.2,439.36,3.22320903673643E+016,,,,,0,0,,6XH3287801759944X
9/29/2016,11:45:46,Europe/Berlin,Allgemeine Zahlung,EUR,-439.36,0,-439.36,0,6XH3287801759944X,service@silberstab.de,Medionic GmbH & Co. KG,,,0,0,,
9/29/2016,15:48:09,Europe/Berlin,Allgemeine Währungsumrechnung,EUR,525.9,0,525.9,525.9,0EP587785X5590146,,,,,0,0,fg_de_50,8A339433446001522
9/29/2016,15:48:09,Europe/Berlin,PayPal Express-Zahlung,EUR,-525.9,0,-525.9,0,8A339433446001522,info@fghgmbh.de,FGH International GmbH,,,0,0,fg_de_50,
10/4/2016,14:24:05,Europe/Berlin,Allgemeine Währungsumrechnung,EUR,500,0,500,500,67X42257UC9639803,,,,,0,0,,20J45322A5919774F
10/4/2016,14:24:05,Europe/Berlin,Allgemeine Zahlung,EUR,-500,0,-500,0,20J45322A5919774F,service@silberstab.de,Medionic GmbH & Co. KG,,,0,0,,
10/6/2016,15:30:01,Europe/Berlin,Website-Zahlung,EUR,57.59,-2.31,55.28,55.28,2US58684C8733532A,daynacristal@yahoo.com,floriane gianferrari,,,0,0,2674 - Floriane Gianferrari,
10/7/2016,11:31:14,Europe/Berlin,Allgemeine Währungsumrechnung,EUR,-45.5,0,-45.5,9.78,1X154446JN551960W,,,,,0,0,c69d9a901621cb6bde8d846051f76411,9UF48718213237716
10/13/2016,15:55:04,Europe/Berlin,Allgemeine Währungsumrechnung,EUR,69.22,0,69.22,79,7NA84901DL428080S,,,,,0,0,8O56WJCMLOVS,7LJ88879TF770734V
10/13/2016,15:55:04,Europe/Berlin,Website-Zahlung,EUR,-79,0,-79,0,7LJ88879TF770734V,gcampsbarjau@gmail.com,JoomlaThat!,,,0,0,8O56WJCMLOVS,
10/13/2016,15:57:12,Europe/Berlin,Allgemeine Währungsumrechnung,EUR,79,0,79,79,9BK65337WH8496443,,,,,0,0,8O56WJCMLOVY,0V687253M6012573N
10/13/2016,15:57:12,Europe/Berlin,Website-Zahlung,EUR,-79,0,-79,0,0V687253M6012573N,gcampsbarjau@gmail.com,JoomlaThat!,,,0,0,8O56WJCMLOVY,
10/13/2016,17:20:18,Europe/Berlin,Rückzahlung,EUR,79,0,79,79,1VD46960E4743891K,gcampsbarjau@gmail.com,JoomlaThat!,,,0,0,8O56WJCMLOVY,0V687253M6012573N
10/13/2016,17:20:18,Europe/Berlin,Allgemeine Währungsumrechnung,EUR,-79,0,-79,0,0DA20596BM878904R,,,,,0,0,8O56WJCMLOVY,0V687253M6012573N
10/18/2016,10:39:38,Europe/Berlin,Allgemeine Währungsumrechnung,EUR,700,0,700,700,20L80801WM476892D,,,,,0,0,,40P9022713853092E
10/18/2016,10:39:38,Europe/Berlin,Allgemeine Zahlung,EUR,-700,0,-700,0,40P9022713853092E,service@silberstab.de,Medionic GmbH & Co. KG,,,0,0,,
10/24/2016,10:30:35,Europe/Berlin,Allgemeine Währungsumrechnung,EUR,963.63,0,963.63,963.63,2WL745637P7420538,,,,,31.82,0,,4JA60053JH695314E
10/24/2016,10:30:35,Europe/Berlin,PayPal Express-Zahlung,EUR,-963.63,0,-963.63,0,4JA60053JH695314E,service@silberstab.de,Medionic GmbH & Co. KG,,,31.82,0,,
10/24/2016,14:48:19,Europe/Berlin,Allgemeine Währungsumrechnung,EUR,1298.9,0,1298.9,1298.9,47L16693U7048571E,,,,,29.9,0,FZ21011944,6XF60244AE433033U
10/24/2016,14:48:19,Europe/Berlin,PayPal Express-Zahlung,EUR,-1298.9,0,-1298.9,0,6XF60244AE433033U,info@rdl-group.eu,RDL Group GmbH,,,29.9,0,FZ21011944,
10/25/2016,09:37:00,Europe/Berlin,Allgemeine Währungsumrechnung,EUR,16,0,16,16,96B13005AK922620W,,,,,0,0,,8BH95425LC323421K
10/25/2016,09:37:00,Europe/Berlin,Allgemeine Zahlung,EUR,-16,0,-16,0,8BH95425LC323421K,info@rdl-group.eu,RDL Group GmbH,,,0,0,,
11/7/2016,09:40:23,Europe/Berlin,Allgemeine Währungsumrechnung,EUR,877.4,0,877.4,877.4,9XY030942T733603L,,,,,0,0,fg_de_65,5WH40344DA6389407
11/7/2016,09:40:23,Europe/Berlin,PayPal Express-Zahlung,EUR,-877.4,0,-877.4,0,5WH40344DA6389407,info@fghgmbh.de,FGH International GmbH,,,0,0,fg_de_65,
11/10/2016,11:39:20,Europe/Berlin,Allgemeine Währungsumrechnung,EUR,18,0,18,18,0VT95658VB8768459,,,,,0,0,,6HU27091CM0646443
11/10/2016,11:39:20,Europe/Berlin,Allgemeine Zahlung,EUR,-18,0,-18,0,6HU27091CM0646443,info@fghgmbh.de,FGH International GmbH,,,0,0,,
11/15/2016,06:43:32,Europe/Berlin,Website-Zahlung,EUR,94.57,-3.57,91,91,4W992173XE575952Y,daynacristal@yahoo.com,floriane gianferrari,,,0,0,2786 - Floriane Gianferrari,
11/17/2016,17:00:51,Europe/Berlin,PayPal Express-Zahlung,EUR,-69.9,0,-69.9,21.1,01480262RF038681V,bluedoor@gmx.at,Bluedoor Handels GmbH,,,9.9,0,,
11/24/2016,21:00:08,Europe/Berlin,Allgemeine Währungsumrechnung,EUR,-11.74,0,-11.74,9.36,9KP16019TC879915W,,,,,0,0,,14X81817TJ837573E
11/25/2016,14:42:03,Europe/Berlin,Allgemeine Währungsumrechnung,EUR,1025.54,0,1025.54,1034.9,3F111342JM2500350,,,,,29.9,0,FZ21012801,4MN20124WV5791439
11/25/2016,14:42:03,Europe/Berlin,PayPal Express-Zahlung,EUR,-1034.9,0,-1034.9,0,4MN20124WV5791439,info@rdl-group.eu,RDL Group GmbH,,,29.9,0,FZ21012801,
12/12/2016,11:20:58,Europe/Berlin,Allgemeine Währungsumrechnung,EUR,58.3,0,58.3,58.3,8UN58296CP819111T,,,,,9.9,0,,74U86094UC079745X
12/12/2016,11:20:58,Europe/Berlin,PayPal Express-Zahlung,EUR,-58.3,0,-58.3,0,74U86094UC079745X,bluedoor@gmx.at,Bluedoor Handels GmbH,,,9.9,0,,
12/15/2016,12:37:00,Europe/Berlin,Allgemeine Währungsumrechnung,EUR,2686.2,0,2686.2,2686.2,5UA2855383797773M,,,,,29.9,0,FZ21013447,20C02192RN040440H
12/15/2016,12:37:00,Europe/Berlin,PayPal Express-Zahlung,EUR,-2686.2,0,-2686.2,0,20C02192RN040440H,info@rdl-group.eu,RDL Group GmbH,,,29.9,0,FZ21013447,
12/15/2016,16:37:59,Europe/Berlin,Website-Zahlung,EUR,49.29,-2.27,47.02,47.02,5J390814RC1125803,Kalybre22@gmail.com,markovic markovic,,,0,0,2881 - alexandre markovic,
12/17/2016,10:15:25,Europe/Berlin,Website-Zahlung,EUR,118.71,-4.39,114.32,161.34,25271993U4418103M,daynacristal@yahoo.com,floriane gianferrari,,,0,0,2888 - Floriane Gianferrari,
12/25/2016,14:15:52,Europe/Berlin,Guthabeneinbehaltung für Konfliktlösung,EUR,-47.02,0,-47.02,114.32,0KT71143RS221160U,Kalybre22@gmail.com,markovic markovic,,,0,0,2881 - alexandre markovic,5J390814RC1125803
12/26/2016,16:38:39,Europe/Berlin,Allgemeine Währungsumrechnung,EUR,-74.44,0,-74.44,39.88,33Y25236S4133241J,,,,,0,0,AE4050386D4982725,37M14790X2920505B
12/27/2016,15:19:39,Europe/Berlin,Allgemeine Währungsumrechnung,EUR,39.12,0,39.12,79,8G886174S6238030X,,,,,0,0,,0BR98606D1398824V
12/27/2016,15:19:39,Europe/Berlin,Website-Zahlung,EUR,-79,0,-79,0,0BR98606D1398824V,paypal@yootheme.com,YOOtheme GmbH,,,0,0,,
1/1/2016,10:56:35,Europe/Berlin,Allgemeine Währungsumrechnung,CHF,-206.64,0,-206.64,394.85,3YN22886PW4196110,,,,,0,0,,62V14215L59080543
1/2/2016,13:19:22,Europe/Berlin,Website-Zahlung,CHF,82,-3.34,78.66,473.51,12M97395B3221430V,0alex_widmer@bluemail.ch,Sascha Widmer,,,0,0,2013 - Sascha Widmer,
1/6/2016,15:34:46,Europe/Berlin,Website-Zahlung,CHF,204,-7.49,196.51,670.02,8WN206809T252410D,ma_wendelspiess@bluewin.ch,Martin Wendelspiess,,,0,0,2023 - Martin Wendelspiess,
1/10/2016,20:20:42,Europe/Berlin,Website-Zahlung,CHF,44.9,-2.08,42.82,712.84,30729168S33197637,adrian.haeberli@gmx.net,Adrian Haeberli,,,0,0,2030 - Adrian Häberli,
1/12/2016,10:06:38,Europe/Berlin,Allgemeine Währungsumrechnung,CHF,-390.73,0,-390.73,322.11,4G06943749084904V,,,,,0,0,,11L15945E8314893B
1/14/2016,15:02:05,Europe/Berlin,Website-Zahlung,CHF,541.98,-18.98,523,845.11,77F4040448731101G,chris_hitz@yahoo.com,Christoph Hitz,,,0,0,2032 - Christoph Hitz,
1/14/2016,16:33:14,Europe/Berlin,Website-Zahlung,CHF,310.7,-11.11,299.59,1144.7,3LV753153B5022215,schwab.roman@gmail.com,Roman Schwab,,,0,0,2035 - Roman Schwab,
1/15/2016,04:58:42,Europe/Berlin,Website-Zahlung,CHF,95.83,-3.81,92.02,1236.72,9KU79850MN097212N,chris_hitz@yahoo.com,Christoph Hitz,,,0,0,2036 - Christoph Hitz,
1/15/2016,11:01:18,Europe/Berlin,Website-Zahlung,CHF,103.88,-4.6,99.28,1336,5HY75763W41215151,stoessel@gmxpro.de,Marco Stößel,,,0,0,2040 - Marco Stößel,
1/16/2016,13:36:35,Europe/Berlin,Zahlung per Händlerabbuchung mit Zahlungsrechnung,CHF,-15.17,0,-15.17,1320.83,1FW705413G751921M,paypal@godaddy.com,"GoDaddy.com, LLC",,,0,0,925301664_CHF_1517,
1/18/2016,02:41:20,Europe/Berlin,Zahlung per Händlerabbuchung mit Zahlungsrechnung,CHF,-12.9,0,-12.9,1307.93,96J813560M616281P,paypal_ch@netflix.com,Netflix.com,,,0,0,8930151047,
1/18/2016,20:39:14,Europe/Berlin,Website-Zahlung,CHF,42.5,-2,40.5,1348.43,1NS63086R1958592F,monika.vincze84@gmail.com,Monika Vincze-Vegi,,,0,0,2041 - Monika Vincze-Vegi,
1/21/2016,10:20:40,Europe/Berlin,Website-Zahlung,CHF,84.5,-3.42,81.08,1429.51,26A45265FM5746608,gudrun.lorenz@bluewin.ch,Gudrun Lorenz,,,0,0,2047 - Gudrun Lorenz,
1/21/2016,19:29:07,Europe/Berlin,Website-Zahlung,CHF,31.5,-1.62,29.88,1459.39,1C067076X1389290Y,evelyne.bergmann@bluewin.ch,Evelyne Bergmann,,,0,0,2050 - Evelyne Bergmann,
1/23/2016,11:33:18,Europe/Berlin,Website-Zahlung,CHF,292.5,-10.5,282,1741.39,6FU90887AY9028830,cris.h@sunrise.ch,Centre EsthétiqueSanté,,,0,0,2053 - Cristina Husi,
1/23/2016,15:52:09,Europe/Berlin,Website-Zahlung,CHF,204,-7.49,196.51,1937.9,86J67168RS6648747,miba@balcab.ch,Michael Bammerlin,,,0,0,2055 - Michael Bammerlin,
1/25/2016,18:35:50,Europe/Berlin,Allgemeine Währungsumrechnung,CHF,-1136.72,0,-1136.72,801.18,6WA560115P035624K,,,,,17.5,0,No10023248,87J13207JD054933Y
1/26/2016,15:15:44,Europe/Berlin,PayPal Express-Zahlung,CHF,-594,0,-594,207.18,5F901313K3706663A,pascal@metanet.ch,METANET AG,,,0,0,506089-Bruelhart,
1/26/2016,18:48:31,Europe/Berlin,Allgemeine Zahlung,CHF,-200,0,-200,7.18,9ND800574V7800747,hajdarevich@gmail.com,Haris Hajdarevic,,,0,0,,
1/28/2016,16:47:04,Europe/Berlin,Website-Zahlung,CHF,237,-8.61,228.39,235.57,5PF82010RY7211206,chris_hitz@yahoo.com,Christoph Hitz,,,0,0,2074 - Christoph Hitz,
1/28/2016,17:08:46,Europe/Berlin,Allgemeine Währungsumrechnung,CHF,-104.72,0,-104.72,130.85,3W153263LK188181G,,,,,0,0,,98H50431RH342514X
2/1/2016,10:11:33,Europe/Berlin,Allgemeine Währungsumrechnung,CHF,-28.78,0,-28.78,102.07,2YA0702861054045W,,,,,0,0,,5RG06156PG640730J
2/3/2016,17:00:43,Europe/Berlin,Allgemeine Währungsumrechnung,CHF,-64.65,0,-64.65,37.42,0MU33359E2698324J,,,,,0,0,,27149811R66750252
2/4/2016,09:55:10,Europe/Berlin,Website-Zahlung,CHF,204,-7.49,196.51,233.93,6JR14471FW844974P,binggeli@vtxmail.ch,Markus Binggeli,,,0,0,2092 - Markus Binggeli,
2/8/2016,15:51:06,Europe/Berlin,Website-Zahlung,CHF,288.9,-10.37,278.53,512.46,7S271821C95688140,sdw@gmx.ch,Markus Lanz,,,0,0,2100 - Markus Lanz,
2/9/2016,08:10:53,Europe/Berlin,Website-Zahlung,CHF,52.07,-2.32,49.75,562.21,44X682042V454445D,fmaninchedda@gmail.com,Fabio Maninchedda,,,0,0,2103 - Fabio Maninchedda,
2/10/2016,22:00:57,Europe/Berlin,Website-Zahlung,CHF,165.84,-6.19,159.65,721.86,0XA45203YN050092U,rene.schaub@ictcare.ch,Rene Schaub,,,0,0,2113 - Rene Schaub,
2/11/2016,21:01:45,Europe/Berlin,Website-Zahlung,CHF,549,-19.22,529.78,1251.64,03R12199F9637822H,oliver@stoer.li,Oliver Stör,,,0,0,2115 - Oliver Stör,
2/15/2016,11:02:12,Europe/Berlin,Website-Zahlung,CHF,46,-2.11,43.89,1295.53,8G472638G3654212J,vinnie950@gmail.com,Imre Vincze,,,0,0,2120 - Imre Vincze,
2/16/2016,11:48:58,Europe/Berlin,Allgemeine Währungsumrechnung,CHF,-90.42,0,-90.42,1205.11,0TF970990N5649104,,,,,0,0,,6X4463708V698533X
2/16/2016,15:55:21,Europe/Berlin,Allgemeine Währungsumrechnung,CHF,-11.2,0,-11.2,1193.91,17C23924N0457192C,,,,,0,0,,4G045624FA068860U
2/18/2016,03:04:52,Europe/Berlin,Zahlung per Händlerabbuchung mit Zahlungsrechnung,CHF,-12.9,0,-12.9,1181.01,5N0420201F019923H,paypal_ch@netflix.com,Netflix.com,,,0,0,9319536185,
2/22/2016,14:35:56,Europe/Berlin,Website-Zahlung,CHF,48,-2.18,45.82,1226.83,3L8773722A9319409,doris.ammann5@bluewin.ch,Doris Ammann,,,0,0,2139 - Doris AMMANN,
2/26/2016,15:36:06,Europe/Berlin,Website-Zahlung,CHF,113.99,-4.43,109.56,1336.39,9BK64475M67575528,lehnermicha@gmail.com,MIchael Lehner,,,0,0,2151 - MIchael Lehner,
2/26/2016,20:36:02,Europe/Berlin,Allgemeine Währungsumrechnung,CHF,-348.46,0,-348.46,987.93,5RW461788J634715M,,,,,0,0,,9AU76008MS156413B
2/29/2016,23:40:55,Europe/Berlin,Website-Zahlung,CHF,244.39,-8.86,235.53,1223.46,23G89131H2021530A,jannreichenbach@me.com,Jann Reichenbach,,,0,0,2162 - Jann Reichenbach,
3/1/2016,17:13:03,Europe/Berlin,Website-Zahlung,CHF,336.96,-12.01,324.95,1548.41,3SY00423M3867272A,jenatton@sunrise.ch,ANDREE Millet,,,0,0,2164 - Andrée Millet,
3/2/2016,11:31:31,Europe/Berlin,Allgemeine Währungsumrechnung,CHF,-1124.77,0,-1124.77,423.64,0DN41414E51056627,,,,,17.5,0,MeinShop10024779,7DY7264276696902B
3/5/2016,11:34:13,Europe/Berlin,Einbehaltung für offene Autorisierung,CHF,-109.09,0,-109.09,314.55,53927781N2941325J,,,,,0,0,,83F26240U7456384P
3/5/2016,11:34:17,Europe/Berlin,Rückbuchung allgemeine Einbehaltung,CHF,109.09,0,109.09,423.64,9F890998XR5450059,,,,,0,0,,53927781N2941325J
3/5/2016,11:34:17,Europe/Berlin,Allgemeine Währungsumrechnung,CHF,-109.09,0,-109.09,314.55,2RC55580AD358710N,,,,,0,0,,4SK09449NL884693N
3/7/2016,10:13:51,Europe/Berlin,PayPal Express-Zahlung,CHF,-182.7,0,-182.7,131.85,52A97299WF313394U,pascal@metanet.ch,METANET AG,,,0,0,502826-Bruelhart,
3/7/2016,10:15:45,Europe/Berlin,PayPal Express-Zahlung,CHF,-10.75,0,-10.75,121.1,6PE48471MH488253B,pascal@metanet.ch,METANET AG,,,0,0,506453-Bruelhart,
3/7/2016,10:17:36,Europe/Berlin,PayPal Express-Zahlung,CHF,-10.75,0,-10.75,110.35,1Y1504215V5708343,pascal@metanet.ch,METANET AG,,,0,0,507280-Bruelhart,
3/8/2016,09:33:01,Europe/Berlin,Website-Zahlung,CHF,295,-10.58,284.42,394.77,4H0195512J8619445,kontakt@pt-nr.ch,Personal Training Nadja Reinmann,,,0,0,2172 - Nadja Reinmann,
3/9/2016,02:42:01,Europe/Berlin,Website-Zahlung,CHF,365,-12.96,352.04,746.81,3420595478821270Y,richardkalus@hotmail.com,Richard Kalus,,,0,0,2174 - Richard Kalus,
3/9/2016,20:55:15,Europe/Berlin,Website-Zahlung,CHF,-0.01,0,-0.01,746.8,5GV12802HA3409431,,,,,0,0,,
3/9/2016,20:59:18,Europe/Berlin,Website-Zahlung,CHF,-0.01,0,-0.01,746.79,7RE80212G4288952W,,,,,0,0,,
3/9/2016,21:13:09,Europe/Berlin,Website-Zahlung,CHF,-0.01,0,-0.01,746.78,69N55351132257940,,,,,0,0,,
3/9/2016,21:55:45,Europe/Berlin,Website-Zahlung,CHF,-0.01,0,-0.01,746.77,3W4473486M219272U,kontakt@forum-rosal.ch,Nadja Haddon,,,0,0,,
3/14/2016,08:58:46,Europe/Berlin,Allgemeine Währungsumrechnung,CHF,-10.14,0,-10.14,736.63,6CC94500XP129793N,,,,,0,0,729731 - Urs Brülhart,41543331PE872145E
3/15/2016,16:11:14,Europe/Berlin,Allgemeine Gutschrift auf Kreditkarte,CHF,4.84,0,4.84,741.47,9X759452T7235613L,,,,4756,0,0,,2H712709JF4506418
3/15/2016,16:11:14,Europe/Berlin,Allgemeine Währungsumrechnung,CHF,-741.47,0,-741.47,0,1KH06071DP0657834,,,,,29.9,0,FZ21006906,2H712709JF4506418
3/17/2016,11:50:44,Europe/Berlin,Allgemeine Gutschrift auf Kreditkarte,CHF,45.61,0,45.61,45.61,94L56793UA1130517,,,,4756,0,0,,3JT32722Y1690790V
3/17/2016,11:50:44,Europe/Berlin,Allgemeine Währungsumrechnung,CHF,-45.61,0,-45.61,0,2M781405J0872362V,,,,,0,0,,3JT32722Y1690790V
3/17/2016,16:01:50,Europe/Berlin,Website-Zahlung,CHF,264.5,-9.54,254.96,254.96,1BU43370C43435527,vk58@gmx.ch,Kurt Voellmin,,,0,0,2185 - Kurt Völlmin,
3/17/2016,22:43:07,Europe/Berlin,Website-Zahlung,CHF,93.84,-3.74,90.1,345.06,6H9441182U5081931,isabella.schguanin@gmail.com,Isabella Schguanin,,,0,0,2186 - Isabella Schguanin,
3/18/2016,03:02:20,Europe/Berlin,Zahlung per Händlerabbuchung mit Zahlungsrechnung,CHF,-12.9,0,-12.9,332.16,1MX100233X689545G,paypal_ch@netflix.com,Netflix.com,,,0,0,9679986534,
3/18/2016,07:37:41,Europe/Berlin,Website-Zahlung,CHF,318,-11.36,306.64,638.8,6L410866NT611812L,hamburger.marcel@gmail.com,Marcel Hamburger,,,0,0,2187 - Marcel Hamburger,
3/18/2016,08:49:55,Europe/Berlin,Allgemeine Währungsumrechnung,CHF,-253.65,0,-253.65,385.15,6N2368381Y248703X,,,,,0,0,,686763157L325504A
3/20/2016,16:53:20,Europe/Berlin,Website-Zahlung,CHF,502.55,-17.64,484.91,870.06,54630627X7807573M,warha@gmx.ch,Walter Rymann,,,0,0,2188 - Walter Rymann,
3/20/2016,21:49:06,Europe/Berlin,Website-Zahlung,CHF,313.5,-11.21,302.29,1172.35,1CW27801XW2159414,regula-odermatt@kfnmail.ch,Regula Odermatt,,,0,0,2189 - Regula  Odermatt,
3/21/2016,11:45:20,Europe/Berlin,Website-Zahlung,CHF,871.55,-34.54,837.01,2009.36,55R651362U8250049,philipp@greiffenclau.li,Philipp Matuschka,,,0,0,2193 - Eva  Matuschka,
3/22/2016,10:05:44,Europe/Berlin,Einbehaltung für offene Autorisierung,CHF,-84.71,0,-84.71,1924.65,42V36168KR109791T,,,,,0,0,,77A6101991249714R
3/22/2016,10:07:22,Europe/Berlin,Rückbuchung allgemeine Einbehaltung,CHF,84.71,0,84.71,2009.36,99D35073BH116043T,,,,,0,0,,42V36168KR109791T
3/22/2016,10:07:22,Europe/Berlin,Allgemeine Währungsumrechnung,CHF,-84.71,0,-84.71,1924.65,9SR68869AW6127331,,,,,0,0,47742353,0527605291193373X
3/22/2016,16:23:07,Europe/Berlin,Rückzahlung,CHF,-549,18.67,-530.33,1394.32,78T96403UN934970B,oliver@stoer.li,Oliver Stör,,,0,0,2115 - Oliver Stör,03R12199F9637822H
3/22/2016,18:45:58,Europe/Berlin,Allgemeine Währungsumrechnung,CHF,-1356.1,0,-1356.1,38.22,9PF293915S4482009,,,,,0,0,,7G274297C6849533C
3/29/2016,11:50:16,Europe/Berlin,PayPal Express-Zahlung,CHF,-21.5,0,-21.5,16.72,9SK338280W157112B,pascal@metanet.ch,METANET AG,,,0,0,507813-Bruelhart,
3/29/2016,15:39:43,Europe/Berlin,Website-Zahlung,CHF,333.13,-11.88,321.25,337.97,7TK5360499057434W,ssoudan@bluewin.ch,sébastien soudan,,,0,0,2214 - sebastien soudan,
3/30/2016,11:11:08,Europe/Berlin,Website-Zahlung,CHF,49,-2.22,46.78,384.75,56F21612AR565105H,chrisgygax@me.com,romantictime.ch,,,0,0,2221 - Christoph Gygax,
3/30/2016,13:12:18,Europe/Berlin,Website-Zahlung,CHF,419.7,-14.82,404.88,789.63,5KV108771D388154B,martin.burkhardt@bluewin.ch,Martin Burkhardt,,,0,0,2223 - Martin Burkhardt,
4/2/2016,20:21:14,Europe/Berlin,Website-Zahlung,CHF,302.99,-10.85,292.14,1081.77,6ET97459H3181421M,a.wellinger@sunrise.ch,Alexander Wellinger,,,0,0,2239 - Alexander Wellinger,
4/3/2016,13:43:48,Europe/Berlin,PayPal Express-Zahlung,CHF,-17.45,0,-17.45,1064.32,8RJ07209NN2316410,custcare_1@ch.hosttech.eu,hosttech,,,0,0,203717,
4/3/2016,18:33:42,Europe/Berlin,Zahlung per Händlerabbuchung mit Zahlungsrechnung,CHF,-39.85,0,-39.85,1024.47,6VG32928VD796823T,paypalpayments@skype.com,Skype Communications Sarl,,,0,0,8.040000000857E+018,
4/5/2016,19:38:32,Europe/Berlin,Website-Zahlung,CHF,698.12,-24.29,673.83,1698.3,07G48321GY570794A,regula-odermatt@kfnmail.ch,Regula Odermatt,,,0,0,2244 - Regula  Odermatt,
4/6/2016,14:16:10,Europe/Berlin,Allgemeine Währungsumrechnung,CHF,-1118.58,0,-1118.58,579.72,4TR49488BL850333U,,,,,17.5,0,MeinShop10026160,8JU35704AG1534934
4/7/2016,17:54:47,Europe/Berlin,Website-Zahlung,CHF,264.5,-9.54,254.96,834.68,6TT4900353810754J,cwapp@bluewin.ch,Christian Wapp,,,0,0,2246 - Christian Wapp,
4/9/2016,08:16:40,Europe/Berlin,Rückbuchung,CHF,0.01,0,0.01,834.69,84Y539161A663051M,,,,,0,0,,5GV12802HA3409431
4/9/2016,08:16:52,Europe/Berlin,Rückbuchung,CHF,0.01,0,0.01,834.7,0FY11995CC797144W,,,,,0,0,,7RE80212G4288952W
4/9/2016,08:17:38,Europe/Berlin,Rückbuchung,CHF,0.01,0,0.01,834.71,6CL06863YG719130T,,,,,0,0,,69N55351132257940
4/12/2016,18:56:16,Europe/Berlin,Website-Zahlung,CHF,45,-2.08,42.92,877.63,4FH043661P3617034,greiffenclauem@bluewin.ch,eva-maria matuschka,,,0,0,2258 - Eva  Matuschka,
4/14/2016,13:51:05,Europe/Berlin,Website-Zahlung,CHF,-15,0,-15,862.63,9WT67383SN693143S,kontakt@forum-rosal.ch,Nadja Haddon,,,0,0,,
4/14/2016,21:11:51,Europe/Berlin,Website-Zahlung,CHF,277.25,-9.98,267.27,1129.9,6TA99155XT3980351,fhoessli@hotmail.com,Fabian Hössli,,,0,0,2263 - Fabian Hössli,
4/15/2016,13:06:40,Europe/Berlin,PayPal Express-Zahlung,CHF,-294,0,-294,835.9,4MX205582P919052B,pascal@metanet.ch,METANET AG,,,0,0,513677-Bruelhart,
4/16/2016,17:36:10,Europe/Berlin,Rückzahlung,CHF,15,0,15,850.9,5XM78667VV5801308,kontakt@forum-rosal.ch,Nadja Haddon,,,0,0,,9WT67383SN693143S
4/16/2016,21:27:48,Europe/Berlin,Website-Zahlung,CHF,204,-7.49,196.51,1047.41,94Y25854UK857054L,luma.kubba@kubba-gmbh.ch,Luma Kubba,,,0,0,2265 - Luma Kubba,
4/17/2016,10:49:52,Europe/Berlin,Website-Zahlung,CHF,248,-8.98,239.02,1286.43,9XB7844422186581M,dedi.loretan@bluewin.ch,Nadine Loretan-Albrecht,,,0,0,2266 - Nadine Loretan,
4/18/2016,03:50:30,Europe/Berlin,Zahlung per Händlerabbuchung mit Zahlungsrechnung,CHF,-12.9,0,-12.9,1273.53,5RK765688S3303318,paypal_ch@netflix.com,Netflix.com,,,0,0,10071984855,
4/18/2016,10:58:12,Europe/Berlin,Allgemeine Gutschrift auf Kreditkarte,CHF,8.07,0,8.07,1281.6,6B485648BK033762P,,,,,0,0,,2LG85201FR264700U
4/18/2016,10:58:12,Europe/Berlin,Allgemeine Währungsumrechnung,CHF,-1281.6,0,-1281.6,0,9XH738882N4951357,,,,,0,0,,2LG85201FR264700U
4/18/2016,14:22:35,Europe/Berlin,Allgemeine Zahlung,CHF,38,-1.84,36.16,36.16,84B954505U088582P,steelfighter77@hotmail.com,PATRICK SCHWALLER,,,0,0,,
5/1/2016,09:39:15,Europe/Berlin,Website-Zahlung,CHF,39.02,-1.88,37.14,73.3,8UY31421GP434815U,remo.obrist@gmail.com,Remo Obrist,,,0,0,2290 - Remo Obrist,
5/1/2016,15:50:40,Europe/Berlin,Website-Zahlung,CHF,59,-2.56,56.44,129.74,43W703437C625103J,carlof@yup.ch,Carlo Froidevaux,,,0,0,2291 - Carlo Froidevaux,
5/2/2016,09:32:31,Europe/Berlin,PayPal Express-Zahlung,CHF,-43,0,-43,86.74,17343778RS7095202,pascal@metanet.ch,METANET AG,,,0,0,520662-Bruelhart,
5/2/2016,17:17:28,Europe/Berlin,Website-Zahlung,CHF,76,-3.13,72.87,159.61,377719913R617533J,martina63@gmx.ch,Martina Schaefer,,,0,0,2297 - Martina  Schäfer,
5/5/2016,16:51:51,Europe/Berlin,Website-Zahlung,CHF,204,-7.49,196.51,356.12,6WG71043FT3398407,carlof@yup.ch,Carlo Froidevaux,,,0,0,2306 - Carlo Froidevaux,
5/10/2016,10:13:16,Europe/Berlin,PayPal Express-Zahlung,CHF,-32.14,0,-32.14,323.98,66729672U2284001L,paypal@tonerpartner.ch,Tonerpartner International AG,,,0,0,,
5/10/2016,17:12:13,Europe/Berlin,Website-Zahlung,CHF,62.96,-2.69,60.27,384.25,9TF44188WY390274P,chris_hitz@yahoo.com,Christoph Hitz,,,0,0,2313 - Christoph Hitz,
5/12/2016,20:55:18,Europe/Berlin,Website-Zahlung,CHF,253.91,-9.18,244.73,628.98,40397604VD555353H,carolewinter@hotmail.ch,Carole Winter,,,0,0,2315 - Carole Winter,
5/14/2016,09:24:30,Europe/Berlin,PayPal Express-Zahlung,CHF,-51.66,0,-51.66,577.32,16S841220L7912713,paypal@tonerpartner.ch,Tonerpartner International AG,,,0,0,,
5/18/2016,03:24:48,Europe/Berlin,Zahlung per Händlerabbuchung mit Zahlungsrechnung,CHF,-12.9,0,-12.9,564.42,79S86369N8205742W,paypal_ch@netflix.com,Netflix.com,,,0,0,10465779945,
5/18/2016,16:40:27,Europe/Berlin,Allgemeine Gutschrift auf Kreditkarte,CHF,4.84,0,4.84,569.26,7R800138MW352721N,,,,4756,0,0,,0WJ03379W09214817
5/18/2016,16:40:27,Europe/Berlin,Allgemeine Währungsumrechnung,CHF,-569.26,0,-569.26,0,2TH71369SG6002717,,,,,0,0,,0WJ03379W09214817
5/22/2016,19:54:30,Europe/Berlin,Website-Zahlung,CHF,582.5,-20.36,562.14,562.14,94H80067708316315,mquad@powersurf.li,Hermann Quaderer,,,0,0,2334 - mandy Quaderer,
5/22/2016,20:31:19,Europe/Berlin,Website-Zahlung,CHF,264.5,-9.54,254.96,817.1,5M37203297318671J,maranooka@bluewin.ch,Katrin Neuenschwander,,,0,0,2336 - Katrin Neuenschwander,
5/23/2016,21:25:50,Europe/Berlin,Allgemeine Gutschrift auf Kreditkarte,CHF,185.62,0,185.62,1002.72,86T48164E5382731Y,,,,4756,0,0,,6DM99658CL392181L
5/23/2016,21:25:50,Europe/Berlin,Allgemeine Währungsumrechnung,CHF,-1002.72,0,-1002.72,0,5BW16055AP320622K,,,,,0,0,,6DM99658CL392181L
5/25/2016,08:45:40,Europe/Berlin,Website-Zahlung,CHF,24.5,-1.38,23.12,23.12,8L607895LS638944G,4gamb@gmx.net,Alois Gasser,,,0,0,2341 - Alois Gasser,
5/26/2016,11:26:03,Europe/Berlin,Website-Zahlung,CHF,248,-8.98,239.02,262.14,2HN25525VL7205325,felix_b80@msn.com,Felix Bender,,,0,0,2342 - Felix Bender,
5/31/2016,09:17:56,Europe/Berlin,PayPal Express-Zahlung,CHF,-96.7,0,-96.7,165.44,49R50527VM637474S,pascal@metanet.ch,METANET AG,,,0,0,528446-Bruelhart,
6/1/2016,08:41:39,Europe/Berlin,Website-Zahlung,CHF,245.75,-8.91,236.84,402.28,1Y9936069N810781X,werner.schuller@gmx.ch,Werner Schuller,,,0,0,2354 - Werner Schuller,
6/1/2016,17:10:59,Europe/Berlin,Website-Zahlung,CHF,61.8,-2.65,59.15,461.43,96M512474B6396623,gismo@powersurf.li,Alexander Nigg,,,0,0,2358 - Alexander Nigg,
6/1/2016,17:24:50,Europe/Berlin,Website-Zahlung,CHF,129,-4.94,124.06,585.49,3.44388656047342E+016,jose.roman@ch.abb.com,Jose Roman,,,0,0,2359 - Jose Roman,
6/3/2016,16:10:02,Europe/Berlin,Website-Zahlung,CHF,498.99,-17.52,481.47,1066.96,7YY78845CD558125G,vk58@gmx.ch,Kurt Voellmin,,,0,0,2362 - Kurt Völlmin,
6/7/2016,21:04:55,Europe/Berlin,Website-Zahlung,CHF,388.9,-13.77,375.13,1442.09,29B53308WH325315U,rolf.meer@bluewin.ch,Rolf Meer,,,0,0,2370 - Rolf Meer,
6/8/2016,22:44:01,Europe/Berlin,Website-Zahlung,CHF,86.3,-3.48,82.82,1524.91,6XH91089A8791073F,navnav@swu.ch,Silvan Wuermli,,,0,0,2373 - Silvan Wuermli,
6/9/2016,11:49:57,Europe/Berlin,Allgemeine Währungsumrechnung,CHF,-1312.12,0,-1312.12,212.79,6GR94700TE779633N,,,,,0,0,,35Y69452UC540674S
6/9/2016,11:53:21,Europe/Berlin,PayPal Express-Zahlung,CHF,-118.2,0,-118.2,94.59,44M96306F13774305,pascal@metanet.ch,METANET AG,,,0,0,536715-Bruelhart,
6/14/2016,15:27:31,Europe/Berlin,Allgemeine Währungsumrechnung,CHF,-14.92,0,-14.92,79.67,3K903339LR177631V,,,,,0,0,763625 - Urs Brülhart,28V51004JX734411N
6/15/2016,14:49:23,Europe/Berlin,Website-Zahlung,CHF,194,-7.15,186.85,266.52,8RN69180JB546593V,peterletsch@bluewin.ch,Peter Letsch,,,0,0,2389 - Peter Letsch,
6/15/2016,16:13:39,Europe/Berlin,Allgemeine Währungsumrechnung,CHF,-14.95,0,-14.95,251.57,68452385YC9075544,,,,,0,0,764086 - Urs Brülhart,5TT03120TY188513G
6/16/2016,11:22:36,Europe/Berlin,Allgemeine Währungsumrechnung,CHF,-11.96,0,-11.96,239.61,32323673J7762303S,,,,,0,0,764358 - Urs Brülhart,7JJ25022HR105454P
6/16/2016,13:35:24,Europe/Berlin,Allgemeine Währungsumrechnung,CHF,-228.06,0,-228.06,11.55,6BC717082G8520814,,,,,0,0,,6SB37578HV387592C
6/17/2016,19:02:16,Europe/Berlin,Website-Zahlung,CHF,174,-6.47,167.53,179.08,2PC47344MN998510B,dnela@besonet.ch,Danijela Petrovic,,,0,0,2392 - Danijela Petrovic,
6/18/2016,02:49:15,Europe/Berlin,Zahlung per Händlerabbuchung mit Zahlungsrechnung,CHF,-12.9,0,-12.9,166.18,4NC606987H090722P,paypal_ch@netflix.com,Netflix.com,,,0,0,10867475902,
6/18/2016,10:28:01,Europe/Berlin,Website-Zahlung,CHF,82,-3.34,78.66,244.84,2AK26904JG683624W,0alex_widmer@bluemail.ch,Sascha Widmer,,,0,0,2394 - Sascha Widmer,
6/20/2016,11:51:18,Europe/Berlin,PayPal Express-Zahlung,CHF,-14,0,-14,230.84,4EM69729VE124610J,pascal@metanet.ch,METANET AG,,,0,0,536350-Bruelhart,
6/21/2016,16:41:54,Europe/Berlin,Website-Zahlung,CHF,35.5,-1.76,33.74,264.58,8MB89370CW5463942,rena65@hotmail.ch,Renata Lambrigger,,,0,0,2399 - Renata Lambrigger,
6/23/2016,07:08:33,Europe/Berlin,Website-Zahlung,CHF,179,-6.64,172.36,436.94,30038643GF229961R,peterletsch@bluewin.ch,Peter Letsch,,,0,0,2405 - Peter Letsch,
6/23/2016,10:31:09,Europe/Berlin,Allgemeine Währungsumrechnung,CHF,-29.65,0,-29.65,407.29,1LM85016SL655520A,,,,,0,0,766764 - Urs Brülhart,87K0850670288793U
6/23/2016,11:11:34,Europe/Berlin,Rückzahlung,CHF,-179,6.09,-172.91,234.38,2X938456MJ455622M,peterletsch@bluewin.ch,Peter Letsch,,,0,0,Rückzahlung Auftrag #2405,30038643GF229961R
6/24/2016,16:34:42,Europe/Berlin,Website-Zahlung,CHF,553,-19.35,533.65,768.03,55314885GW940421V,chris.efiah@bluewin.ch,Christine Bolliger,,,0,0,2410 - Christine Bolliger,
6/25/2016,20:41:08,Europe/Berlin,Website-Zahlung,CHF,407.5,-14.41,393.09,1161.12,41Y503494D544143B,imth59@gmail.com,Theo Imfeld,,,0,0,2413 - Theo Imfeld,
6/27/2016,11:58:08,Europe/Berlin,Allgemeine Währungsumrechnung,CHF,-1107.14,0,-1107.14,53.98,0JY333471P066571W,,,,,17.5,0,MeinShop10028916,61112579CL828122L
6/28/2016,21:51:40,Europe/Berlin,Website-Zahlung,CHF,282.75,-10.16,272.59,326.57,6Y1384254R255552M,michael.trautmann@gmx.ch,Michael Trautmann,,,0,0,2419 - Michael Trautmann,
6/29/2016,11:33:35,Europe/Berlin,Allgemeine Währungsumrechnung,CHF,-45.13,0,-45.13,281.44,4WC07771JT303881K,,,,,0,0,,3UK08858LC9317206
6/29/2016,15:53:36,Europe/Berlin,Allgemeine Währungsumrechnung,CHF,-56.4,0,-56.4,225.04,0F230442TC569182L,,,,,0,0,CDE533396,7TT399911R1628100
6/30/2016,09:52:57,Europe/Berlin,Allgemeine Währungsumrechnung,CHF,-42.47,0,-42.47,182.57,0D686453NT7904213,,,,,0,0,17456,5EN66875DH192994R
6/30/2016,11:08:09,Europe/Berlin,PayPal Express-Zahlung,CHF,-64.5,0,-64.5,118.07,6UD54789RP494581G,pascal@metanet.ch,METANET AG,,,0,0,551661-Bruelhart,
7/1/2016,09:38:06,Europe/Berlin,Allgemeine Währungsumrechnung,CHF,-101.03,0,-101.03,17.04,91L39300PG338353X,,,,,0,0,,9.52564203800739E+016
7/4/2016,10:37:55,Europe/Berlin,PayPal Express-Zahlung,CHF,-10.75,0,-10.75,6.29,6NF15300U4973413B,pascal@metanet.ch,METANET AG,,,0,0,553730-Bruelhart,
7/4/2016,17:52:16,Europe/Berlin,Website-Zahlung,CHF,81.5,-3.32,78.18,84.47,0RP40888U8150340W,schnydersimone@bluewin.ch,Schnyder Simone,,,0,0,2429 - Simone Schnyder,
7/6/2016,10:22:16,Europe/Berlin,Allgemeine Gutschrift auf Kreditkarte,CHF,200.92,0,200.92,285.39,0ML35129YC891820M,,,,4756,0,0,,62S47225NN482640E
7/6/2016,10:22:16,Europe/Berlin,Allgemeine Währungsumrechnung,CHF,-285.39,0,-285.39,0,7GH71838EP5288317,,,,,0,0,,62S47225NN482640E
7/7/2016,11:40:11,Europe/Berlin,Website-Zahlung,CHF,76,-3.13,72.87,72.87,2RN48886WJ736031V,shindo@datazug.ch,Bhavito Jansch,,,0,0,2434 - Joachim Jansch,
7/11/2016,09:15:55,Europe/Berlin,PayPal Express-Zahlung,CHF,-64.5,0,-64.5,8.37,87B39609HC457003M,pascal@metanet.ch,METANET AG,,,0,0,545641-bruelhart,
7/12/2016,22:37:24,Europe/Berlin,Website-Zahlung,CHF,418.46,-14.78,403.68,412.05,0GN708241C305952U,mdelacruz@webarts-delacruz.ch,Manuel de la Cruz,,,0,0,2450 - Manuel de la Cruz,
7/13/2016,09:57:22,Europe/Berlin,Allgemeine Währungsumrechnung,CHF,-322.52,0,-322.52,89.53,2XU85359XJ747611P,,,,,0,0,,9A030034MX817694L
7/14/2016,14:33:50,Europe/Berlin,Allgemeine Zahlung,CHF,-33.5,0,-33.5,56.03,8GP689907U092491E,mdelacruz@webarts-delacruz.ch,Manuel de la Cruz,,,0,0,,
7/16/2016,09:01:09,Europe/Berlin,Website-Zahlung,CHF,102,-4.02,97.98,154.01,62E11884M1682835F,roth.roth@bluewin.ch,Alfred ROTH,,,0,0,2459 - Christina Roth,
7/16/2016,11:04:27,Europe/Berlin,Website-Zahlung,CHF,52.8,-2.35,50.45,204.46,34736066PE1918947,hager.bernhard@yahoo.com,Bernhard Hager,,,0,0,2460 - Bernhard Hager,
7/17/2016,16:08:27,Europe/Berlin,Website-Zahlung,CHF,269,-9.7,259.3,463.76,55A211765K501594K,bjoern.pietzak@swissonline.ch,Björn Pietzak,,,0,0,2464 - Björn Pietzak,
7/17/2016,16:39:41,Europe/Berlin,Website-Zahlung,CHF,180.74,-6.7,174.04,637.8,7HF302286X072412M,chris.efiah@bluewin.ch,Christine Bolliger,,,0,0,2466 - Christine Bolliger,
7/18/2016,02:42:44,Europe/Berlin,Zahlung per Händlerabbuchung mit Zahlungsrechnung,CHF,-12.9,0,-12.9,624.9,04R235192R344170F,paypal_ch@netflix.com,Netflix.com,,,0,0,11314821373,
7/18/2016,21:23:59,Europe/Berlin,Allgemeine Währungsumrechnung,CHF,-560.08,0,-560.08,64.82,47K235030N017791F,,,,,0,0,,7PS505818Y784184Y
7/19/2016,13:48:24,Europe/Berlin,Allgemeine Währungsumrechnung,CHF,-32.74,0,-32.74,32.08,5CY43999JE289722A,,,,,0,0,,4XT026310C227362G
7/20/2016,16:41:52,Europe/Berlin,Website-Zahlung,CHF,25,-1.4,23.6,55.68,48B65039RU866935U,gabigabi113@gmail.com,Gabriella Wehri,,,0,0,2473 - Gabriella Wehrli,
7/23/2016,18:14:57,Europe/Berlin,Website-Zahlung,CHF,306,-10.95,295.05,350.73,0PH93848TX1605913,rbaechler@bluewin.ch,René Baechler,,,0,0,2478 - René Bächler,
7/27/2016,13:40:21,Europe/Berlin,Allgemeine Währungsumrechnung,CHF,-10.1,0,-10.1,340.63,7FS15983274226225,,,,,0,0,516433133,74H80363P4309313F
8/2/2016,08:44:19,Europe/Berlin,Website-Zahlung,CHF,21,-1.26,19.74,360.37,23B58533J9902514F,gandroid@gmx.net,Gander Friedli,,,0,0,2502 - Gander Friedli,
8/4/2016,15:04:48,Europe/Berlin,Website-Zahlung,CHF,807.85,-28.02,779.83,1140.2,36E49795UU5515707,Hans.Wuethrich66@outlook.com,Hans Wüthrich,,,0,0,2505 - Hans Wüthrich,
8/7/2016,17:12:59,Europe/Berlin,Website-Zahlung,CHF,315.5,-11.28,304.22,1444.42,399974220K095932U,paypal@protop.ch,ProTop GmbH,,,0,0,2513 - Marcel Felder,
8/7/2016,19:54:51,Europe/Berlin,Website-Zahlung,CHF,256,-9.25,246.75,1691.17,38W910538P131930F,cwapp@bluewin.ch,Christian Wapp,,,0,0,2515 - Christian Wapp,
8/9/2016,11:03:09,Europe/Berlin,Website-Zahlung,CHF,148.5,-5.6,142.9,1834.07,9EW94601T88697016,gaby.bartenwerfer@bluewin.ch,Gaby Bartenwerfer,,,0,0,2516 - Gaby Bartenwerfer,
8/9/2016,20:35:02,Europe/Berlin,Website-Zahlung,CHF,139.5,-5.29,134.21,1968.28,0ND618082U6625134,andreahenzi@gmail.com,Andrea Kretschmer,,,0,0,2519 - Andrea Kretschmer,
8/11/2016,19:11:41,Europe/Berlin,Allgemeine Währungsumrechnung,CHF,-61.01,0,-61.01,1907.27,9.1513036387517E+016,,,,,9.9,0,,2U8361221E522144G
8/11/2016,20:40:53,Europe/Berlin,Website-Zahlung,CHF,48,-2.18,45.82,1953.09,16X6700686292424V,gabigabi113@gmail.com,Gabriella Wehri,,,0,0,2522 - Gabriella Wehrli,
8/12/2016,20:58:02,Europe/Berlin,Einbehaltung für offene Autorisierung,CHF,-14.9,0,-14.9,1938.19,84R59153NA6979301,,,,,0,0,,2FU31879B6600823X
8/12/2016,21:05:26,Europe/Berlin,Rückbuchung allgemeine Einbehaltung,CHF,14.9,0,14.9,1953.09,51P027460J9310324,,,,,0,0,,84R59153NA6979301
8/12/2016,21:05:26,Europe/Berlin,Zahlung per Händlerabbuchung mit Zahlungsrechnung,CHF,-14.9,0,-14.9,1938.19,0PE37171RM591264M,paypal_ch@netflix.com,Netflix.com,,,0,0,6303186177,2FU31879B6600823X
8/13/2016,09:06:18,Europe/Berlin,Website-Zahlung,CHF,164,-6.13,157.87,2096.06,88361921R06083526,pornika72@hotmail.com,Pornnika Machaiyaphum,,,0,0,2525 - Pornnika Sbarato,
8/14/2016,15:38:27,Europe/Berlin,Website-Zahlung,CHF,37.52,-1.83,35.69,2131.75,0S525236NV258164Y,jasminbiondo@bluewin.ch,jasmin biondo,,,0,0,2528 - Siro Biondo,
8/14/2016,15:39:57,Europe/Berlin,Website-Zahlung,CHF,73,-3.03,69.97,2201.72,92C672409T819394L,marliesbey@bluewin.ch,Marlies Beyeler,,,0,0,2529 - Marlies Beyeler,
8/14/2016,19:39:43,Europe/Berlin,Website-Zahlung,CHF,220.5,-8.05,212.45,2414.17,0BA15653GT536081X,hr-sonja.moeckli@hispeed.ch,Sonja Möckli,,,0,0,2530 - Sonja Möckli,
8/15/2016,10:33:33,Europe/Berlin,Website-Zahlung,CHF,82,-3.34,78.66,2492.83,436322808T538854V,rogerimholz@msn.com,Roger Imholz,,,0,0,2532 - Roger Imholz,
8/16/2016,11:42:00,Europe/Berlin,Allgemeine Währungsumrechnung,CHF,-148.91,0,-148.91,2343.92,8JB384807S660150H,,,,,17.5,0,,82X93256YV075423H
8/16/2016,12:19:58,Europe/Berlin,Allgemeine Währungsumrechnung,CHF,-616.09,0,-616.09,1727.83,7L78735474320821S,,,,,0,0,WC-4919,5CS88649GH365332S
8/16/2016,13:06:31,Europe/Berlin,Allgemeine Währungsumrechnung,CHF,-1476.01,0,-1476.01,251.82,4NH63336GE321222K,,,,,0,0,,43361610LY267244V
8/17/2016,07:48:13,Europe/Berlin,Website-Zahlung,CHF,42,-1.98,40.02,291.84,54V62556JJ037712S,cpraesent@gmx.ch,Christian Praesent,,,0,0,2542 - Christian  Präsent,
8/18/2016,03:10:13,Europe/Berlin,Zahlung per Händlerabbuchung mit Zahlungsrechnung,CHF,-14.9,0,-14.9,276.94,2XG406801N1946715,paypal_ch@netflix.com,Netflix.com,,,0,0,11708683620,
8/21/2016,11:54:46,Europe/Berlin,Website-Zahlung,CHF,49.5,-2.23,47.27,324.21,5SM68114S7346330S,thomasfrisch1979@gmail.com,Thomas Frischknecht,,,0,0,2552 - frischknecht thomas,
8/23/2016,12:13:47,Europe/Berlin,Zahlung per Händlerabbuchung mit Zahlungsrechnung,CHF,-16,0,-16,308.21,2RH543255S8372128,paypalpayments@skype.com,Skype Communications Sarl,,,0,0,8.07200000157253E+018,
8/24/2016,08:41:37,Europe/Berlin,Website-Zahlung,CHF,62.5,-2.68,59.82,368.03,0HE6909923877961U,rm@mgm-comdesign.ch,rolf mantel,,,0,0,2556 - Rolf Mantel,
8/24/2016,10:27:54,Europe/Berlin,Allgemeine Währungsumrechnung,CHF,-157.07,0,-157.07,210.96,1NM688632E9676355,,,,,0,0,8O56WJCMLLVW,3P4621111E396435W
8/24/2016,10:29:44,Europe/Berlin,Allgemeine Währungsumrechnung,CHF,-39.72,0,-39.72,171.24,4MF71431WM488853N,,,,,0,0,,7SH69953GD7397900
8/27/2016,08:33:25,Europe/Berlin,Website-Zahlung,CHF,16.5,-1.11,15.39,186.63,1HV32642KA115411V,iridologos@hotmail.com,salvatore Russo,,,0,0,2562 - Salvatore Russo,
8/28/2016,18:43:03,Europe/Berlin,Website-Zahlung,CHF,66,-2.79,63.21,249.84,48C28702ES118813B,andreahenzi@gmail.com,Andrea Kretschmer,,,0,0,2566 - Andrea Kretschmer,
8/29/2016,12:05:11,Europe/Berlin,Allgemeine Währungsumrechnung,CHF,-24.22,0,-24.22,225.62,8SV18424JB253040F,,,,,0,0,,2HG18474PP499192K
8/30/2016,14:23:26,Europe/Berlin,Allgemeine Gutschrift auf Kreditkarte,CHF,194.59,0,194.59,420.21,74V660168T043425N,,,,4756,0,0,WC-4949,2KS34957M7361645F
8/30/2016,14:23:26,Europe/Berlin,Allgemeine Währungsumrechnung,CHF,-420.21,0,-420.21,0,5E4665195D202253F,,,,,0,0,WC-4949,2KS34957M7361645F
8/30/2016,23:27:15,Europe/Berlin,Website-Zahlung,CHF,282.01,-10.14,271.87,271.87,1R867128GB258290L,antik.style@vtxmail.ch,Antik Style Saladin,,,0,0,2571 - Gabriele Urech,
8/31/2016,10:16:24,Europe/Berlin,Website-Zahlung,CHF,26.48,-1.45,25.03,296.9,7DE90358SD185831E,antik.style@vtxmail.ch,Antik Style Saladin,,,0,0,2573 - Gabriele Urech,
8/31/2016,12:17:54,Europe/Berlin,Allgemeine Währungsumrechnung,CHF,-224.12,0,-224.12,72.78,7A904139HT235242C,,,,,0,0,WC-4955,2GH26148P59141542
9/1/2016,09:52:55,Europe/Berlin,Website-Zahlung,CHF,109.5,-4.27,105.23,178.01,9D804052SD489970U,gabigabi113@gmail.com,Gabriella Wehri,,,0,0,2577 - Gabriella Wehrli,
9/4/2016,17:50:02,Europe/Berlin,Website-Zahlung,CHF,215.2,-7.87,207.33,385.34,5JF79169AF648952W,adi.meier@bluewin.ch,Adrian Meier,,,0,0,2582 - Adrian Meier,
9/5/2016,09:13:56,Europe/Berlin,Allgemeine Währungsumrechnung,CHF,-289.62,0,-289.62,95.72,9KR09073K9902791P,,,,,0,0,,55B29876K45044949
9/7/2016,12:11:45,Europe/Berlin,Website-Zahlung,CHF,210.01,-7.69,202.32,298.04,55A99987T55228142,colmano66@gmail.com,Claudia Colmano,,,0,0,2594 - Claudia Colmano,
9/7/2016,19:39:23,Europe/Berlin,Website-Zahlung,CHF,73,-3.03,69.97,368.01,07L94976JK327454K,markus.wymann@wymann-elektro.ch,Markus Wymann,,,0,0,2597 - Markus Wymann,
9/10/2016,23:08:53,Europe/Berlin,Website-Zahlung,CHF,243.51,-8.83,234.68,602.69,901826239N1879004,san.ro@bluewin.ch,Sandra Roth,,,0,0,2603 - Sandra Roth,
9/12/2016,02:01:09,Europe/Berlin,Zahlung per Händlerabbuchung mit Zahlungsrechnung,CHF,-14.9,0,-14.9,587.79,98W34535MY292780L,paypal_ch@netflix.com,Netflix.com,,,0,0,12044526296,
9/12/2016,10:23:49,Europe/Berlin,Allgemeine Gutschrift auf Kreditkarte,CHF,6.21,0,6.21,594,1CP2065333655554F,,,,4756,0,0,554571-Bruelhart,4654338269544635V
9/12/2016,10:23:49,Europe/Berlin,PayPal Express-Zahlung,CHF,-594,0,-594,0,4654338269544635V,pascal@metanet.ch,METANET AG,,,0,0,554571-Bruelhart,
9/12/2016,21:14:42,Europe/Berlin,Website-Zahlung,CHF,33.01,-1.67,31.34,31.34,7DU66173FE476403C,bartli@gmx.net,Yannick Clénin,,,0,0,2605 - Yannick Clénin,
9/14/2016,01:02:49,Europe/Berlin,Website-Zahlung,CHF,39.5,-1.89,37.61,68.95,4CV31318CK108752A,tolgagbl@hotmail.com,tolga uzmanoglu,,,0,0,2607 - tolga  uzmanoglu,
9/14/2016,14:26:41,Europe/Berlin,Allgemeine Währungsumrechnung,CHF,-15.12,0,-15.12,53.83,0KF821006W535835S,,,,,0,0,,4L3592599E746952U
9/14/2016,21:06:51,Europe/Berlin,Website-Zahlung,CHF,299,-10.72,288.28,342.11,54F769858C537572Y,spraxis@gmx.ch,Raffael Spörri,,,0,0,2611 - Raffael Spörri,
9/15/2016,11:39:13,Europe/Berlin,Website-Zahlung,CHF,226.99,-8.27,218.72,560.83,2G739361E6154252U,thomas.hoelting@bluewin.ch,Thomas Hölting,,,0,0,2612 - Thomas Hölting,
9/15/2016,21:16:06,Europe/Berlin,Handyzahlung,CHF,139.5,-5.29,134.21,695.04,0S923600T7256213D,markus.bart@besonet.ch,Markus Bart,,,0,0,,
9/16/2016,09:28:12,Europe/Berlin,PayPal Express-Zahlung,CHF,-24.9,0,-24.9,670.14,6NS738001C977242M,pascal@metanet.ch,METANET AG,,,0,0,555114-Bruelhart,
9/16/2016,09:28:21,Europe/Berlin,PayPal Express-Zahlung,CHF,-149.4,0,-149.4,520.74,28P586965L8760243,pascal@metanet.ch,METANET AG,,,0,0,555118-Bruelhart,
9/16/2016,09:29:10,Europe/Berlin,PayPal Express-Zahlung,CHF,-294,0,-294,226.74,11079357KB190252D,pascal@metanet.ch,METANET AG,,,0,0,562911-Bruelhart,
9/17/2016,14:26:26,Europe/Berlin,Einbehaltung für offene Autorisierung,CHF,-23.92,0,-23.92,202.82,5DH10851NB119710S,,,,,0,0,,2U160183SB928732S
9/17/2016,14:26:30,Europe/Berlin,Rückbuchung allgemeine Einbehaltung,CHF,23.92,0,23.92,226.74,46X60556J9165200N,,,,,0,0,,5DH10851NB119710S
9/17/2016,14:26:30,Europe/Berlin,Allgemeine Währungsumrechnung,CHF,-23.92,0,-23.92,202.82,0198745115193010W,,,,,0,0,,1J307866370719800
9/18/2016,02:43:03,Europe/Berlin,Zahlung per Händlerabbuchung mit Zahlungsrechnung,CHF,-14.9,0,-14.9,187.92,5F8342882E579080J,paypal_ch@netflix.com,Netflix.com,,,0,0,12136200023,
9/18/2016,14:20:22,Europe/Berlin,Website-Zahlung,CHF,839.51,-29.09,810.42,998.34,96T70696YC477561M,tiss-steat@bluewin.ch,Andrea Mathieu,,,0,0,2615 - Andrea Mathieu,
9/19/2016,09:21:17,Europe/Berlin,Allgemeine Gutschrift auf Kreditkarte,CHF,113.35,0,113.35,1111.69,42505464S81722345,,,,4756,32.08,0,,09X27786HE189872V
9/19/2016,09:21:17,Europe/Berlin,Allgemeine Währungsumrechnung,CHF,-1111.69,0,-1111.69,0,0J906981L10981138,,,,,32.08,0,,09X27786HE189872V
9/19/2016,12:48:08,Europe/Berlin,Website-Zahlung,CHF,1115.5,-38.48,1077.02,1077.02,50W36526F9343892D,michael.oexle@bluewin.ch,Michael Oexle,,,0,0,2617 - Michael Oexle,
9/21/2016,10:04:35,Europe/Berlin,Website-Zahlung,CHF,306,-10.95,295.05,1372.07,7SV4138403701184A,richardkalus@hotmail.com,Richard Kalus,,,0,0,2623 - Richard Kalus,
9/21/2016,10:22:44,Europe/Berlin,Allgemeine Währungsumrechnung,CHF,-10.22,0,-10.22,1361.85,9C267467U6200690N,,,,,0,0,,6BN402956H3618015
9/21/2016,10:57:31,Europe/Berlin,Website-Zahlung,CHF,254.25,-9.19,245.06,1606.91,1MH38212Y6805001T,c.marietti@bluewin.ch,Claudia Marietti,,,0,0,2625 - Claudia Marietti,
9/21/2016,21:29:06,Europe/Berlin,Website-Zahlung,CHF,324.2,-11.57,312.63,1919.54,7V91259848732911C,mrindler@hotmail.com,Marco Rindler,,,0,0,2628 - Marco Rindler,
9/22/2016,11:55:43,Europe/Berlin,PayPal Express-Zahlung,CHF,-14,0,-14,1905.54,7GD52572M37933747,pascal@metanet.ch,METANET AG,,,0,0,572859-Bruelhart,
9/23/2016,09:13:47,Europe/Berlin,Allgemeine Gutschrift auf Kreditkarte,CHF,12.44,0,12.44,1917.98,4BG359854N996321E,,,,4756,0,0,,5P997724A16474418
9/23/2016,09:13:47,Europe/Berlin,Allgemeine Währungsumrechnung,CHF,-1917.98,0,-1917.98,0,153015687N9049508,,,,,0,0,,5P997724A16474418
9/23/2016,14:19:38,Europe/Berlin,Allgemeine Zahlung,CHF,82,-3.34,78.66,78.66,31K77335RS5994433,paypal@bueschi.com,Patrik Büschi,,,0,0,,
9/24/2016,08:46:39,Europe/Berlin,PayPal Express-Zahlung,CHF,-32.25,0,-32.25,46.41,2KW090820M9380835,pascal@metanet.ch,METANET AG,,,0,0,560347-Bruelhart,
9/24/2016,16:54:19,Europe/Berlin,Website-Zahlung,CHF,31.5,-1.62,29.88,76.29,2LJ47478K0529573X,regula-odermatt@kfnmail.ch,Regula Odermatt,,,0,0,2638 - Regula  Odermatt,
9/25/2016,22:10:15,Europe/Berlin,Website-Zahlung,CHF,275,-9.9,265.1,341.39,29X71984KV1290404,tschuemp@bluewin.ch,Daniel Tschuemperlin,,,0,0,2642 - Daniel Tschümperlin,
9/26/2016,11:35:02,Europe/Berlin,PayPal Express-Zahlung,CHF,-10.75,0,-10.75,330.64,5CT653371J776252R,pascal@metanet.ch,METANET AG,,,0,0,564481-Bruelhart,
9/27/2016,11:36:51,Europe/Berlin,Website-Zahlung,CHF,224.26,-9.3,214.96,545.6,8PA95312GD015402N,melanie.haeusler@gmx.de,Häusler Melanie,,,0,0,2645 - Gerhard Schappin,
9/28/2016,10:00:58,Europe/Berlin,Website-Zahlung,CHF,164,-6.13,157.87,703.47,1YP30850F9865543Y,info@bicom.ch,Gaetano Bisatz,,,0,0,2647 - Juerg Bisatz,
9/29/2016,11:45:46,Europe/Berlin,Allgemeine Währungsumrechnung,CHF,-138.24,0,-138.24,565.23,8RN344433X1575024,,,,,0,0,,6XH3287801759944X
9/29/2016,15:48:09,Europe/Berlin,Allgemeine Gutschrift auf Kreditkarte,CHF,29.67,0,29.67,594.9,6AX515718M510664H,,,,4756,0,0,fg_de_50,8A339433446001522
9/29/2016,15:48:09,Europe/Berlin,Allgemeine Währungsumrechnung,CHF,-594.9,0,-594.9,0,3W778871P85890205,,,,,0,0,fg_de_50,8A339433446001522
10/1/2016,15:14:13,Europe/Berlin,Website-Zahlung,CHF,73,-3.03,69.97,69.97,0XN08926005658024,marliesbey@bluewin.ch,Marlies Beyeler,,,0,0,2654 - Marlies Beyeler,
10/1/2016,15:22:15,Europe/Berlin,Website-Zahlung,CHF,69.69,-2.92,66.77,136.74,6ES147785D3125358,akki1@gmx.ch,Heinz Akeret,,,0,0,2656 - Heinz Akeret,
10/3/2016,17:40:08,Europe/Berlin,Website-Zahlung,CHF,139.5,-5.29,134.21,270.95,015195591K883561E,roger.meili@vbz.ch,Roger Meili,,,0,0,INV2-7RZW-QXZG-KV6A-YUWT,
10/3/2016,18:56:28,Europe/Berlin,Website-Zahlung,CHF,315.5,-11.28,304.22,575.17,86H74840PD924710V,F_kla@hotmail.com,Frasher Klaiqi,,,0,0,2664 - Frasher Klaiqi,
10/4/2016,14:24:05,Europe/Berlin,Allgemeine Währungsumrechnung,CHF,-567.47,0,-567.47,7.7,2DR11155V70272047,,,,,0,0,,20J45322A5919774F
10/5/2016,15:20:45,Europe/Berlin,Website-Zahlung,CHF,176.5,-6.55,169.95,177.65,5PD68602J0603164P,wa.schmidiger@bluewin.ch,Walter Schmidiger,,,0,0,2669 - Walter Schmidiger,
10/6/2016,10:59:23,Europe/Berlin,Website-Zahlung,CHF,195,-7.18,187.82,365.47,6K5562632S875164J,p.buergin@hotmail.ch,Peter Bürgin,,,0,0,2672 - Peter Bürgin,
10/7/2016,09:05:40,Europe/Berlin,Guthabeneinbehaltung für Konfliktlösung,CHF,-214.96,0,-214.96,150.51,6U211076K5032254A,melanie.haeusler@gmx.de,Häusler Melanie,,,0,0,2645 - Gerhard Schappin,8PA95312GD015402N
10/7/2016,20:59:21,Europe/Berlin,Website-Zahlung,CHF,22.99,-1.33,21.66,172.17,4SJ91318RM293883A,gpaladino@gmail.com,Giuseppe Paladino,,,0,0,2675 - Giuseppe Paladino,
10/9/2016,10:06:39,Europe/Berlin,Website-Zahlung,CHF,76.87,-3.16,73.71,245.88,33D22381KR864453T,Erika.gubler@bluewin.ch,Erika Gubler,,,0,0,2677 - Erika Gubler,
10/10/2016,22:41:51,Europe/Berlin,Website-Zahlung,CHF,291.5,-10.46,281.04,526.92,9EN747291C982741M,peterhartmann@posteo.org,Peter Hartmann,,,0,0,2684 - Peter Hartmann,
10/12/2016,02:16:41,Europe/Berlin,Zahlung per Händlerabbuchung mit Zahlungsrechnung,CHF,-14.9,0,-14.9,512.02,3NH93180CK3157549,paypal_ch@netflix.com,Netflix.com,,,0,0,12487251554,
10/12/2016,10:23:38,Europe/Berlin,Website-Zahlung,CHF,27.01,-1.47,25.54,537.56,8GH62210T47297935,fs@kornhaus49.ch,Franz Sidler,,,0,0,2688 - Francesco Sidler,
10/12/2016,10:34:53,Europe/Berlin,Rückzahlung,CHF,-224.26,8.75,-215.51,322.05,0W032450BY704021S,melanie.haeusler@gmx.de,Häusler Melanie,,,0,0,2645 - Gerhard Schappin,8PA95312GD015402N
10/12/2016,10:34:53,Europe/Berlin,Aufhebung Guthabeneinbehaltung für Konfliktlösung,CHF,214.96,0,214.96,537.01,6U211076K5032254A,melanie.haeusler@gmx.de,Häusler Melanie,,,0,0,2645 - Gerhard Schappin,8PA95312GD015402N
10/12/2016,15:14:50,Europe/Berlin,Website-Zahlung,CHF,82,-3.34,78.66,615.67,63J42887YD542852K,kevn.chen@icloud.com,Kevin Chen,,,0,0,2690 - Kevin Chen,
10/13/2016,15:55:04,Europe/Berlin,Allgemeine Währungsumrechnung,CHF,-78.24,0,-78.24,537.43,5J899193RL345903S,,,,,0,0,8O56WJCMLOVS,7LJ88879TF770734V
10/13/2016,15:57:12,Europe/Berlin,Allgemeine Währungsumrechnung,CHF,-89.3,0,-89.3,448.13,4AM54749RL289125R,,,,,0,0,8O56WJCMLOVY,0V687253M6012573N
10/13/2016,17:20:18,Europe/Berlin,Allgemeine Währungsumrechnung,CHF,89.3,0,89.3,537.43,8F8934538D692741Y,,,,,0,0,8O56WJCMLOVY,0V687253M6012573N
10/15/2016,22:41:53,Europe/Berlin,Website-Zahlung,CHF,31.5,-1.62,29.88,567.31,9D2960957V689124G,thomas.blank@ggaweb.ch,Thomas Blank,,,0,0,2698 - Yolanda  Blank,
10/16/2016,12:19:07,Europe/Berlin,Website-Zahlung,CHF,263.5,-9.51,253.99,821.3,9FX940490G676200H,camenisch@gmx.net,Ursin Camenisch,,,0,0,2700 - Ursin Camenisch,
10/18/2016,03:15:14,Europe/Berlin,Zahlung per Händlerabbuchung mit Zahlungsrechnung,CHF,-14.9,0,-14.9,806.4,24F611137T460621R,paypal_ch@netflix.com,Netflix.com,,,0,0,12555787321,
10/18/2016,10:39:38,Europe/Berlin,Allgemeine Währungsumrechnung,CHF,-790.03,0,-790.03,16.37,2A883447TJ662393R,,,,,0,0,,40P9022713853092E
10/19/2016,22:56:11,Europe/Berlin,Website-Zahlung,CHF,48,-2.18,45.82,62.19,3KG64832CB811010D,regula-odermatt@kfnmail.ch,Regula Odermatt,,,0,0,2709 - Regula  Odermatt,
10/23/2016,18:25:58,Europe/Berlin,Website-Zahlung,CHF,656.45,-22.87,633.58,695.77,4L9046328T486715V,martina.rocco@bluewin.ch,Martina Rocco,,,0,0,2717 - Martina Rocco,
10/23/2016,19:04:07,Europe/Berlin,Website-Zahlung,CHF,120,-4.63,115.37,811.14,8M7517609M7071641,mgnehm@gmx.net,Monika Gnehm,,,0,0,2719 - Monika Gnehm,
10/23/2016,20:53:51,Europe/Berlin,Website-Zahlung,CHF,1099,-37.92,1061.08,1872.22,79H882784M049034B,thomas.blank@ggaweb.ch,Thomas Blank,,,0,0,2720 - Yolanda  Blank,
10/24/2016,10:30:35,Europe/Berlin,Allgemeine Währungsumrechnung,CHF,-1081.5,0,-1081.5,790.72,1597345011915613A,,,,,31.82,0,,4JA60053JH695314E
10/24/2016,11:34:01,Europe/Berlin,Website-Zahlung,CHF,382.8,-13.57,369.23,1159.95,8ST28933LN214550T,Pavel.karpf@gmx.ch,Andrè Pavel Karpf,,,0,0,2722 - Pavel Karpf,
10/24/2016,11:58:40,Europe/Berlin,Website-Zahlung,CHF,368.9,-13.09,355.81,1515.76,75G78967CK892744S,sandy.n.wick@gmail.com,Sandra Wick,,,0,0,2723 - Sandy Wick,
10/24/2016,13:11:58,Europe/Berlin,PayPal Express-Zahlung,CHF,-53.75,0,-53.75,1462.01,4E261585M3598581D,pascal@metanet.ch,METANET AG,,,0,0,568623-Bruelhart,
10/24/2016,14:48:19,Europe/Berlin,Allgemeine Währungsumrechnung,CHF,-1459.8,0,-1459.8,2.21,12C74469PU2664727,,,,,29.9,0,FZ21011944,6XF60244AE433033U
10/25/2016,09:37:00,Europe/Berlin,Allgemeine Gutschrift auf Kreditkarte,CHF,15.75,0,15.75,17.96,5GR202468V014351C,,,,4756,0,0,,8BH95425LC323421K
10/25/2016,09:37:00,Europe/Berlin,Allgemeine Währungsumrechnung,CHF,-17.96,0,-17.96,0,1J944915KR306111L,,,,,0,0,,8BH95425LC323421K
10/26/2016,16:14:44,Europe/Berlin,Allgemeine Gutschrift auf Kreditkarte,CHF,67.32,0,67.32,67.32,22H14147LG3601130,,,,4756,0,0,,50672069D0534013A
10/26/2016,16:14:44,Europe/Berlin,Website-Zahlung,CHF,-67.32,0,-67.32,0,50672069D0534013A,info@expresszeitung.com,InfoXpress GmbH,,,0,0,,
10/26/2016,16:23:20,Europe/Berlin,Rückzahlung,CHF,67.32,0,67.32,67.32,79B55809AM747764M,info@expresszeitung.com,InfoXpress GmbH,,,0,0,,50672069D0534013A
10/26/2016,16:23:20,Europe/Berlin,Allgemeine Abbuchung von Kreditkarte,CHF,-67.32,0,-67.32,0,21P25173AM266172H,,,,4756,0,0,,50672069D0534013A
10/26/2016,16:49:29,Europe/Berlin,Allgemeine Gutschrift auf Kreditkarte,CHF,69,0,69,69,93092375A2435130J,,,,4756,0,0,,0E9607169C399272R
10/26/2016,16:49:29,Europe/Berlin,Website-Zahlung,CHF,-69,0,-69,0,0E9607169C399272R,info@expresszeitung.com,InfoXpress GmbH,,,0,0,,
10/26/2016,21:23:17,Europe/Berlin,Website-Zahlung,CHF,917.02,-31.73,885.29,885.29,5SV59259N76192806,tiss-steat@bluewin.ch,Andrea Mathieu,,,0,0,2725 - Andrea Mathieu,
10/29/2016,05:29:25,Europe/Berlin,Website-Zahlung,CHF,31.5,-1.62,29.88,915.17,75J113452E532420N,rebeccamoran11@yahoo.de,Rebekka Pina Moran,,,0,0,2733 - Rebekka Pina Moran,
11/1/2016,16:24:32,Europe/Berlin,Website-Zahlung,CHF,368.7,-13.09,355.61,1270.78,543191395A2743443,kh77@gmx.net,Katharina Hilber,,,0,0,2741 - Kathrin Hilber,
11/2/2016,08:46:00,Europe/Berlin,Website-Zahlung,CHF,317.52,-12.93,304.59,1575.37,81S46148KD5261509,indiesemleben@web.de,Daniel Arnold,,,0,0,2745 - Daniel Arnold,
11/2/2016,10:35:00,Europe/Berlin,Website-Zahlung,CHF,187.8,-6.94,180.86,1756.23,1F679779LD062342X,hans.saegesser@gmx.ch,Hans Sägesser,,,0,0,2747 - Hans Sägesser,
11/3/2016,21:45:40,Europe/Berlin,Website-Zahlung,CHF,219,-8,211,1967.23,9YS19173K1418374E,jeanine.roethlisberger@gmx.ch,janet roethlisberger,,,0,0,2750 - Janet Röthlisberger,
11/4/2016,07:45:36,Europe/Berlin,Rückzahlung,CHF,-839.51,28.54,-810.97,1156.26,9F613424JE510310D,tiss-steat@bluewin.ch,Andrea Mathieu,,,0,0,2615 - Andrea Mathieu,96T70696YC477561M
11/4/2016,07:46:46,Europe/Berlin,Rückzahlung,CHF,-27.02,0.92,-26.1,1130.16,7FF682130J919581F,tiss-steat@bluewin.ch,Andrea Mathieu,,,0,0,2725 - Andrea Mathieu,5SV59259N76192806
11/7/2016,09:40:23,Europe/Berlin,Allgemeine Währungsumrechnung,CHF,-981.67,0,-981.67,148.49,60L80441CC695314C,,,,,0,0,fg_de_65,5WH40344DA6389407
11/10/2016,11:39:20,Europe/Berlin,Allgemeine Währungsumrechnung,CHF,-20.11,0,-20.11,128.38,9ED77211EX048074Y,,,,,0,0,,6HU27091CM0646443
11/12/2016,03:27:06,Europe/Berlin,Zahlung per Händlerabbuchung mit Zahlungsrechnung,CHF,-14.9,0,-14.9,113.48,9KN48826V05531838,paypal_ch@netflix.com,Netflix.com,,,0,0,12888159736,
11/12/2016,14:30:53,Europe/Berlin,Allgemeine Gutschrift auf Kreditkarte,CHF,47.72,0,47.72,161.2,3EP16877DP775862A,,,,4756,0,0,576405-Bruelhart,3KK759066D414824T
11/12/2016,14:30:53,Europe/Berlin,PayPal Express-Zahlung,CHF,-161.2,0,-161.2,0,3KK759066D414824T,pascal@metanet.ch,METANET AG,,,0,0,576405-Bruelhart,
11/12/2016,14:32:11,Europe/Berlin,Allgemeine Gutschrift auf Kreditkarte,CHF,10.75,0,10.75,10.75,5.25003850707953E+016,,,,4756,0,0,581069-Bruelhart,5294697061712682V
11/12/2016,14:32:11,Europe/Berlin,PayPal Express-Zahlung,CHF,-10.75,0,-10.75,0,5294697061712682V,pascal@metanet.ch,METANET AG,,,0,0,581069-Bruelhart,
11/12/2016,14:33:57,Europe/Berlin,Allgemeine Gutschrift auf Kreditkarte,CHF,75.2,0,75.2,75.2,4P212571PS6731338,,,,4756,0,0,587721-Bruelhart,5AV59240C6319834G
11/12/2016,14:33:57,Europe/Berlin,PayPal Express-Zahlung,CHF,-75.2,0,-75.2,0,5AV59240C6319834G,pascal@metanet.ch,METANET AG,,,0,0,587721-Bruelhart,
11/13/2016,09:49:39,Europe/Berlin,Website-Zahlung,CHF,710.45,-24.71,685.74,685.74,88P46883XJ594271H,erich.brugger@mac.com,Erich Brugger,,,0,0,2780 - Erich Brugger,
11/13/2016,17:27:54,Europe/Berlin,Website-Zahlung,CHF,149.5,-5.63,143.87,829.61,39E512867Y576332H,dani.fluetsch@bluewin.ch,Daniel Flütsch,,,0,0,2783 - Daniel Flütsch,
11/15/2016,23:39:26,Europe/Berlin,Website-Zahlung,CHF,319.2,-11.4,307.8,1137.41,6GV421766R691531D,p.vock@bluewin.ch,Paul Vock,,,0,0,2790 - Paul Vock,
11/18/2016,03:22:14,Europe/Berlin,Zahlung per Händlerabbuchung mit Zahlungsrechnung,CHF,-14.9,0,-14.9,1122.51,08L12004VR433271H,paypal_ch@netflix.com,Netflix.com,,,0,0,12995934469,
11/20/2016,19:09:08,Europe/Berlin,Website-Zahlung,CHF,510.5,-17.91,492.59,1615.1,7G672082N4417292T,redartista@hotmail.com,Kirsten Müller,,,0,0,2802 - Kirsten Müller,
11/20/2016,21:07:06,Europe/Berlin,Website-Zahlung,CHF,176.5,-6.55,169.95,1785.05,5VJ47255229919200,marwue@hotmail.com,Mario Wuethrich,,,0,0,2805 - Mario Wüthrich,
11/22/2016,16:44:24,Europe/Berlin,Allgemeine Zahlung,CHF,-150,0,-150,1635.05,6XJ39208V9859135S,Joonrecords@bluewin.ch,Kurt Overney,,,0,0,,
11/22/2016,18:45:41,Europe/Berlin,Website-Zahlung,CHF,37.52,-1.83,35.69,1670.74,40909055RN488203U,r_wolfs@yahoo.de,Robert Wolfsgruber,,,0,0,2816 - Robert Wolfsgruber,
11/24/2016,07:16:13,Europe/Berlin,Website-Zahlung,CHF,390.25,-13.82,376.43,2047.17,7HS74624AN317182R,sueri25@bluewin.ch,Mario Collenberg,,,0,0,2819 - Mario Collenberg,
11/24/2016,23:18:52,Europe/Berlin,Website-Zahlung,CHF,48,-2.18,45.82,2092.99,0PA850784E6401727,regula-odermatt@kfnmail.ch,Regula Odermatt,,,0,0,2827 - Regula  Odermatt,
11/25/2016,09:58:21,Europe/Berlin,Website-Zahlung,CHF,1479.5,-50.85,1428.65,3521.64,96V43645FU305361M,11michael72@gmail.com,Michael Bärtschi,,,0,0,2828 - Michael Bärtschi,
11/25/2016,14:42:03,Europe/Berlin,Allgemeine Währungsumrechnung,CHF,-1143.35,0,-1143.35,2378.29,8VJ26288KL326794W,,,,,29.9,0,FZ21012801,4MN20124WV5791439
11/27/2016,10:30:01,Europe/Berlin,Website-Zahlung,CHF,176.5,-6.55,169.95,2548.24,70U7679148424535D,awak05@gmail.com,Angelique Jaspers,,,0,0,2829 - Angélique Jaspers,
11/27/2016,12:24:38,Europe/Berlin,Allgemeine Währungsumrechnung,CHF,-21.15,0,-21.15,2527.09,1BV36796H4148573G,,,,,0,0,,1BU02944W2214904L
11/28/2016,15:08:34,Europe/Berlin,Website-Zahlung,CHF,346.7,-12.34,334.36,2861.45,63916798EL523551S,info@aegerter-stalder.ch,Michael Aegerter,,,0,0,2831 - Michael Aegerter,
11/28/2016,16:58:00,Europe/Berlin,Allgemeine Währungsumrechnung,CHF,-222.58,0,-222.58,2638.87,3R565422MU536725A,,,,,0,0,AE4050386D4859804,5A189901EP6783253
12/3/2016,11:40:33,Europe/Berlin,PayPal Express-Zahlung,CHF,-35,0,-35,2603.87,5FM13795SW681600M,paypal@twoo.com,Twoo.com,,,0,0,,
12/5/2016,16:58:29,Europe/Berlin,Allgemeine Währungsumrechnung,CHF,-347.74,0,-347.74,2256.13,1NE30124CD997771M,,,,,0,0,AE4050386D4891548,13W57910JB455603R
12/7/2016,20:01:28,Europe/Berlin,Allgemeine Zahlung,CHF,294.5,-10.56,283.94,2540.07,7U532842LL325923V,pirona@gmx.ch,pius rohrhirs,,,0,0,,
12/8/2016,21:41:54,Europe/Berlin,Website-Zahlung,CHF,317.61,-11.35,306.26,2846.33,9TE44952JV3975040,renatonapoletano@msn.com,napoletano renato,,,0,0,2868 - renato napoletano,
12/11/2016,12:36:48,Europe/Berlin,Website-Zahlung,CHF,199,-7.32,191.68,3038.01,82V021078K924202L,bjoern.pietzak@swissonline.ch,Björn Pietzak,,,0,0,2870 - Björn Pietzak,
12/12/2016,03:04:58,Europe/Berlin,Zahlung per Händlerabbuchung mit Zahlungsrechnung,CHF,-14.9,0,-14.9,3023.11,2B103216UW9245143,paypal_ch@netflix.com,Netflix.com,,,0,0,13346338211,
12/12/2016,11:20:58,Europe/Berlin,Allgemeine Währungsumrechnung,CHF,-65,0,-65,2958.11,77U81922HY607520J,,,,,9.9,0,,74U86094UC079745X
12/15/2016,12:37:00,Europe/Berlin,Allgemeine Gutschrift auf Kreditkarte,CHF,40.59,0,40.59,2998.7,9AS55943PP303310V,,,,1884,29.9,0,FZ21013447,20C02192RN040440H
12/15/2016,12:37:00,Europe/Berlin,Allgemeine Währungsumrechnung,CHF,-2998.7,0,-2998.7,0,19932221UE1540941,,,,,29.9,0,FZ21013447,20C02192RN040440H
12/15/2016,23:21:51,Europe/Berlin,Website-Zahlung,CHF,55.74,-2.72,53.02,53.02,3JW51233F5362601R,prana-gabriel@hotmail.com,GABRIEL SONNLEITNER,,,0,0,2884 - Gabriel  Sonnleitner,
12/16/2016,13:54:39,Europe/Berlin,Website-Zahlung,CHF,207.46,-7.6,199.86,252.88,6HF99418C32765447,roboznet@gmail.com,Robert Bozic,,,0,0,2886 - robert bozic,
12/17/2016,07:58:34,Europe/Berlin,Website-Zahlung,CHF,140.3,-5.32,134.98,387.86,8X914265XS508754N,0alex_widmer@bluemail.ch,Sascha Widmer,,,0,0,2887 - Sascha Widmer,
12/18/2016,03:16:34,Europe/Berlin,Zahlung per Händlerabbuchung mit Zahlungsrechnung,CHF,-14.9,0,-14.9,372.96,4GN32474DB551530K,paypal_ch@netflix.com,Netflix.com,,,0,0,13415949195,
12/18/2016,12:15:34,Europe/Berlin,Zahlung per Händlerabbuchung mit Zahlungsrechnung,CHF,-49.17,0,-49.17,323.79,8VC3306525225945T,paypal@godaddy.com,"GoDaddy.com, LLC",,,0,0,1066453180_CHF_4917,
12/20/2016,15:52:54,Europe/Berlin,Website-Zahlung,CHF,65.02,-2.76,62.26,386.05,05S73401H4439845L,bettina@diveacademy.ch,Dive Academy GmbH,,,0,0,2904 - Bettina Waller,
12/22/2016,17:48:25,Europe/Berlin,Website-Zahlung,CHF,37.52,-1.83,35.69,421.74,79D77797YW824251H,airpower@hispeed.ch,Jesus Wälti,,,0,0,2913 - jesus wälti,
12/22/2016,19:13:46,Europe/Berlin,Website-Zahlung,CHF,100,-3.95,96.05,517.79,4MW2613737796701S,airpower@hispeed.ch,Jesus Wälti,,,0,0,2916 - jesus wälti,
12/24/2016,11:04:49,Europe/Berlin,Einbehaltung für offene Autorisierung,CHF,-434.89,0,-434.89,82.9,9XB61675600640824,,,,,0,0,,6X456781A3260390A
12/24/2016,11:04:56,Europe/Berlin,Rückbuchung allgemeine Einbehaltung,CHF,434.89,0,434.89,517.79,6LC05032388034717,,,,,0,0,,9XB61675600640824
12/24/2016,11:04:56,Europe/Berlin,Allgemeine Währungsumrechnung,CHF,-434.89,0,-434.89,82.9,8PE94832C5586922N,,,,,0,0,,4BM005691R5354457
12/26/2016,13:24:10,Europe/Berlin,Website-Zahlung,CHF,561.01,-19.62,541.39,624.29,7E015482A3669905S,roth.martin@sunrise.ch,Martin Roth,,,0,0,2920 - Martin Roth,
12/27/2016,15:19:39,Europe/Berlin,Allgemeine Währungsumrechnung,CHF,-43.66,0,-43.66,580.63,1KJ71958PE6009915,,,,,0,0,,0BR98606D1398824V
12/30/2016,21:24:13,Europe/Berlin,Website-Zahlung,CHF,63.26,-2.7,60.56,641.19,50E124520G359862K,jeanine.roethlisberger@gmx.ch,janet roethlisberger,,,0,0,2941 - Janet Röthlisberger,
1/1/2016,10:56:35,Europe/Berlin,Allgemeine Währungsumrechnung,USD,200,0,200,200,70T1806082155204V,,,,,0,0,,62V14215L59080543
1/1/2016,10:56:35,Europe/Berlin,Allgemeine Zahlung,USD,-200,0,-200,0,62V14215L59080543,yogeshthakur01@gmail.com,YOGESH THAKUR,,,0,0,,
1/7/2016,10:22:55,Europe/Berlin,Allgemeine Währungsumrechnung,USD,41.99,0,41.99,41.99,2X7451027C1109439,,,,,0,0,16332,8A133371TW991761L
1/7/2016,10:22:55,Europe/Berlin,PayPal Express-Zahlung,USD,-41.99,0,-41.99,0,8A133371TW991761L,sales@SourceCoast.com,"SourceCoast, Inc",,,0,0,16332,
1/7/2016,16:11:14,Europe/Berlin,Allgemeine Währungsumrechnung,USD,104,0,104,104,7XD881777A214080S,,,,,0,0,,7B1007155B616540U
1/7/2016,16:11:14,Europe/Berlin,Allgemeine Zahlung,USD,-104,0,-104,0,7B1007155B616540U,hajdarevich@gmail.com,Haris Hajdarevic,,,0,0,,
1/28/2016,17:08:46,Europe/Berlin,Allgemeine Währungsumrechnung,USD,100,0,100,100,0TD5393118269153F,,,,,0,0,,98H50431RH342514X
1/28/2016,17:08:46,Europe/Berlin,Allgemeine Zahlung,USD,-100,0,-100,0,98H50431RH342514X,hajdarevich@gmail.com,Haris Hajdarevic,,,0,0,,
2/3/2016,17:00:43,Europe/Berlin,Allgemeine Währungsumrechnung,USD,61.5,0,61.5,61.5,0R853714KT148194C,,,,,0,0,,27149811R66750252
2/3/2016,17:00:43,Europe/Berlin,Allgemeine Zahlung,USD,-61.5,0,-61.5,0,27149811R66750252,hajdarevich@gmail.com,Haris Hajdarevic,,,0,0,,
2/16/2016,15:55:21,Europe/Berlin,Allgemeine Währungsumrechnung,USD,11,0,11,11,6UW57999L83135242,,,,,0,0,,4G045624FA068860U
2/16/2016,15:55:21,Europe/Berlin,Allgemeine Zahlung,USD,-11,0,-11,0,4G045624FA068860U,gzvezdov@gmail.com,Georgi Zvezdov,,,0,0,,
2/26/2016,20:36:02,Europe/Berlin,Allgemeine Währungsumrechnung,USD,338.8,0,338.8,338.8,0E241075JW6808008,,,,,0,0,,9AU76008MS156413B
2/26/2016,20:36:02,Europe/Berlin,Allgemeine Zahlung,USD,-338.8,0,-338.8,0,9AU76008MS156413B,hajdarevich@gmail.com,Haris Hajdarevic,,,0,0,,
3/14/2016,08:58:46,Europe/Berlin,Allgemeine Währungsumrechnung,USD,10,0,10,10,6HR759590L649625U,,,,,0,0,729731 - Urs Brülhart,41543331PE872145E
3/14/2016,08:58:46,Europe/Berlin,Website-Zahlung,USD,-10,0,-10,0,41543331PE872145E,paypal@opencart.com,OpenCart Ltd,,,0,0,729731 - Urs Brülhart,
3/18/2016,08:49:55,Europe/Berlin,Allgemeine Währungsumrechnung,USD,254.1,0,254.1,254.1,8MD90872PH329534E,,,,,0,0,,686763157L325504A
3/18/2016,08:49:55,Europe/Berlin,Allgemeine Zahlung,USD,-254.1,0,-254.1,0,686763157L325504A,hajdarevich@gmail.com,Haris Hajdarevic,,,0,0,,
6/14/2016,15:27:31,Europe/Berlin,Allgemeine Währungsumrechnung,USD,15,0,15,15,4A152492M3002653X,,,,,0,0,763625 - Urs Brülhart,28V51004JX734411N
6/14/2016,15:27:31,Europe/Berlin,Website-Zahlung,USD,-15,0,-15,0,28V51004JX734411N,paypal@opencart.com,OpenCart Ltd,,,0,0,763625 - Urs Brülhart,
6/15/2016,16:13:39,Europe/Berlin,Allgemeine Währungsumrechnung,USD,15,0,15,15,32U10567VS7545056,,,,,0,0,764086 - Urs Brülhart,5TT03120TY188513G
6/15/2016,16:13:39,Europe/Berlin,Website-Zahlung,USD,-15,0,-15,0,5TT03120TY188513G,paypal@opencart.com,OpenCart Ltd,,,0,0,764086 - Urs Brülhart,
6/16/2016,11:22:36,Europe/Berlin,Allgemeine Währungsumrechnung,USD,12,0,12,12,8GT85860A6846534M,,,,,0,0,764358 - Urs Brülhart,7JJ25022HR105454P
6/16/2016,11:22:36,Europe/Berlin,Website-Zahlung,USD,-12,0,-12,0,7JJ25022HR105454P,paypal@opencart.com,OpenCart Ltd,,,0,0,764358 - Urs Brülhart,
6/16/2016,13:35:24,Europe/Berlin,Allgemeine Währungsumrechnung,USD,230,0,230,230,5LG02389UT946200L,,,,,0,0,,6SB37578HV387592C
6/16/2016,13:35:24,Europe/Berlin,Allgemeine Zahlung,USD,-230,0,-230,0,6SB37578HV387592C,hajdarevich@gmail.com,Haris Hajdarevic,,,0,0,,
6/23/2016,10:31:09,Europe/Berlin,Allgemeine Währungsumrechnung,USD,29.99,0,29.99,29.99,9DT52917CA3802534,,,,,0,0,766764 - Urs Brülhart,87K0850670288793U
6/23/2016,10:31:09,Europe/Berlin,Website-Zahlung,USD,-29.99,0,-29.99,0,87K0850670288793U,paypal@opencart.com,OpenCart Ltd,,,0,0,766764 - Urs Brülhart,
6/30/2016,09:52:57,Europe/Berlin,Allgemeine Währungsumrechnung,USD,41.99,0,41.99,41.99,476682446W3664514,,,,,0,0,17456,5EN66875DH192994R
6/30/2016,09:52:57,Europe/Berlin,PayPal Express-Zahlung,USD,-41.99,0,-41.99,0,5EN66875DH192994R,sales@SourceCoast.com,"SourceCoast, Inc",,,0,0,17456,
7/1/2016,09:38:06,Europe/Berlin,Allgemeine Währungsumrechnung,USD,100,0,100,100,9YB01034ET9198002,,,,,0,0,,9.52564203800739E+016
7/1/2016,09:38:06,Europe/Berlin,Allgemeine Zahlung,USD,-100,0,-100,0,9.52564203800739E+016,hajdarevich@gmail.com,Haris Hajdarevic,,,0,0,,
7/6/2016,10:22:16,Europe/Berlin,Allgemeine Währungsumrechnung,USD,283.19,0,283.19,283.19,3JT48027962415409,,,,,0,0,,62S47225NN482640E
7/6/2016,10:22:16,Europe/Berlin,Allgemeine Zahlung,USD,-283.19,0,-283.19,0,62S47225NN482640E,hajdarevich@gmail.com,Haris Hajdarevic,,,0,0,,
7/18/2016,13:45:55,Europe/Berlin,Allgemeine Währungsumrechnung,USD,26,0,26,26,2UG00937SC156264W,,,,,0,0,774446 - Urs Brülhart,6J90273698822422T
7/18/2016,13:45:55,Europe/Berlin,Website-Zahlung,USD,-26,0,-26,0,6J90273698822422T,paypal@opencart.com,OpenCart Ltd,,,0,0,774446 - Urs Brülhart,
8/24/2016,10:29:44,Europe/Berlin,Allgemeine Währungsumrechnung,USD,39.99,0,39.99,39.99,23W52388CE1696549,,,,,0,0,,7SH69953GD7397900
8/24/2016,10:29:44,Europe/Berlin,Website-Zahlung,USD,-39.99,0,-39.99,0,7SH69953GD7397900,os.tuanpn@gmail.com,Tuan Pham Ngoc,,,0,0,,
8/29/2016,12:05:11,Europe/Berlin,Allgemeine Währungsumrechnung,USD,24,0,24,24,52177218HM2114427,,,,,0,0,,2HG18474PP499192K
8/29/2016,12:05:11,Europe/Berlin,Abonnementzahlung,USD,-24,0,-24,0,2HG18474PP499192K,sales@corephp.com,'corePHP',,,0,0,,
9/14/2016,14:26:41,Europe/Berlin,Allgemeine Währungsumrechnung,USD,15,0,15,15,5990482932735133U,,,,,0,0,,4L3592599E746952U
9/14/2016,14:26:41,Europe/Berlin,PayPal Express-Zahlung,USD,-15,0,-15,0,4L3592599E746952U,galaagl@yahoo.com,JExtBOX,,,0,0,,
10/7/2016,11:31:14,Europe/Berlin,Allgemeine Währungsumrechnung,USD,49,0,49,49,95C71517X19392709,,,,,0,0,c69d9a901621cb6bde8d846051f76411,9UF48718213237716
10/7/2016,11:31:14,Europe/Berlin,Website-Zahlung,USD,-49,0,-49,0,9UF48718213237716,paypal@depositphotos.com,Depositphotos Inc,,,0,0,c69d9a901621cb6bde8d846051f76411,
11/24/2016,21:00:08,Europe/Berlin,Allgemeine Währungsumrechnung,USD,12,0,12,12,4AP818782E388532A,,,,,0,0,,14X81817TJ837573E
11/24/2016,21:00:08,Europe/Berlin,Spendenzahlung,USD,-12,0,-12,0,14X81817TJ837573E,info@jdownloads.com,Arno Betz,,,0,0,,
11/27/2016,12:24:38,Europe/Berlin,Allgemeine Währungsumrechnung,USD,20.2,0,20.2,20.2,660239969K559005P,,,,,0,0,,1BU02944W2214904L
11/27/2016,12:24:38,Europe/Berlin,Allgemeine Zahlung,USD,-20,-0.2,-20.2,0,1BU02944W2214904L,gzvezdov@gmail.com,Georgi Zvezdov,,,0,0,,
11/28/2016,16:58:00,Europe/Berlin,Allgemeine Währungsumrechnung,USD,213.72,0,213.72,213.72,5M5206394J567201D,,,,,0,0,AE4050386D4859804,5A189901EP6783253
11/28/2016,16:58:00,Europe/Berlin,Zahlung per Händlerabbuchung mit Zahlungsrechnung,USD,-213.72,0,-213.72,0,5A189901EP6783253,employer-paypal@upwork.com,Upwork Escrow Inc.,,,0,0,AE4050386D4859804,
12/5/2016,16:58:29,Europe/Berlin,Allgemeine Währungsumrechnung,USD,332.22,0,332.22,332.22,5PB04347NT5774105,,,,,0,0,AE4050386D4891548,13W57910JB455603R
12/5/2016,16:58:29,Europe/Berlin,Zahlung per Händlerabbuchung mit Zahlungsrechnung,USD,-332.22,0,-332.22,0,13W57910JB455603R,employer-paypal@upwork.com,Upwork Escrow Inc.,,,0,0,AE4050386D4891548,
12/24/2016,11:04:56,Europe/Berlin,PayPal Express-Zahlung,USD,-410.44,0,-410.44,-410.44,4BM005691R5354457,terry@netrition.com,"Netrition, Inc.",,,0,0,,6X456781A3260390A
12/24/2016,11:04:56,Europe/Berlin,Allgemeine Währungsumrechnung,USD,410.44,0,410.44,0,91V4509179324250D,,,,,0,0,,4BM005691R5354457
12/26/2016,16:38:39,Europe/Berlin,Allgemeine Währungsumrechnung,USD,75.35,0,75.35,75.35,3YV81017HB417230G,,,,,0,0,AE4050386D4982725,37M14790X2920505B
12/26/2016,16:38:39,Europe/Berlin,Zahlung per Händlerabbuchung mit Zahlungsrechnung,USD,-75.35,0,-75.35,0,37M14790X2920505B,employer-paypal@upwork.com,Upwork Escrow Inc.,,,0,0,AE4050386D4982725,
